id,address_sido,address_sigungu,address_dong,address_full,hammer_price,reference_date,property_type,land_area_sqm,building_area_sqm,unit_price_py,land_price_sqm,approval_date,days_since_transaction,building_age,price_per_sqm,is_new,property_type_code
2,서울특별시,강남구,역삼동,서울특별시 강남구  역삼동 681-21,5300000000.0,2026-01-09,근린시설,172.0,383.09,101864309.05246973,11940000.0,1989-03-31,151,37,30813953.48837209,0,0
7,충청남도,천안시,동남구,"충청남도 천안시 동남구 구룡동 563-3(토지, 외 1필지 건물)",2500000000.0,2022-11-24,근린시설,3432.0,5617.43,2408060.259299929,658500.0,2024-05-17,1293,2,728438.2284382285,1,0
8,충청남도,천안동남구,구룡동,충청남도 천안동남구  구룡동 578-7,740000000.0,2026-02-19,대지,661.0,585.0,3700878.958752704,372000.0,1979-12-31,110,47,1119515.8850226928,0,0
9,충청남도,천안동남구,구룡동,충청남도 천안동남구  구룡동 749,132000000.0,2024-07-18,대지,336.0,585.0,1298701.2987012987,833500.0,1979-12-31,691,47,392857.14285714284,0,0
10,충청남도,천안동남구,구룡동,"충청남도 천안동남구  구룡동 513, 671-1",2210000000.0,2023-08-24,상업용,1041.0,188.9,7018045.267979772,718100.0,2012-05-09,1020,14,2122958.693563881,0,0
11,충청남도,천안동남구,구룡동,충청남도 천안동남구  구룡동 573,120000000.0,2023-06-12,단독주택,361.0,69.06,1098875.9414848562,378900.0,1984-08-20,1093,42,332409.972299169,0,0
12,충청남도,천안동남구,구룡동,"충청남도 천안동남구  구룡동 574, 575",1768950000.0,2023-12-22,대지,8018.0,585.0,729330.0816963485,520100.0,1979-12-31,900,47,220622.34971314544,0,0
14,경상남도,거제시,연초면,경상남도 거제시 연초면 한내리 120-25,950000000.0,2022-05-02,공업나지,2246.0,585.0,1398261.739879161,283200.0,1979-12-31,1499,47,422974.17631344614,0,0
15,경상남도,거제시,연초면,"경상남도 거제시 연초면 한내리 120-4, 120-5, 120-39",3300000000.0,2022-02-07,공장,6174.0,3175.77,1766940.5424507465,283200.0,2016-08-25,1583,10,534499.5140913508,0,0
16,경상남도,거제시,연초면,"경상남도 거제시 연초면 한내리 120-10, 161, 161-5",4868000000.0,2021-09-02,공장,13105.0,5539.34,1227971.1547860417,317700.0,1994-03-28,1741,32,371461.2743227776,0,0
18,경상남도,거제시,연초면,경상남도 거제시 연초면 한내리 57-2,60000000.0,2026-01-23,다가구주택,390.0,107.87,508582.326764145,202900.0,2011-12-14,137,15,153846.15384615384,0,0
19,경상남도,거제시,연초면,"경상남도 거제시 연초면 한내리 484, 482-1",73000000.0,2025-11-08,단독주택,304.0,85.68,793823.401478904,281800.0,2014-09-18,213,12,240131.57894736843,0,0
20,경상남도,거제시,연초면,"경상남도 거제시 연초면 한내리 16-25, 16-27",226000000.0,2024-10-12,단독주택,511.0,177.64,1462049.7808542643,338000.0,2002-04-29,605,24,442270.0587084149,0,0
21,경상남도,거제시,연초면,경상남도 거제시 연초면 한내리 393-2,138000000.0,2025-01-18,단독주택,302.0,130.85,1510590.5533358874,198800.0,1997-05-29,507,29,456953.64238410594,0,0
22,경상남도,거제시,연초면,"경상남도 거제시 연초면 한내리 62-7, 62-8",300000000.0,2023-05-02,단독주택,355.0,186.8,2793621.2315213596,293700.0,2020-01-28,1134,6,845070.4225352113,1,0
24,대구광역시,달서구,신당동,대구광역시 달서구  신당동 680-2외 3필지,2100000000.0,2025-10-31,근린시설,6155.0,175.54,1127887.6946109794,594000.0,1997-09-24,221,29,341186.0276198213,0,0
25,대구광역시,서구,상리동,대구광역시 서구 상리동 512-1,372000000.0,2024-02-28,나지,410.0,585.0,2999395.2832090305,372500.0,1979-12-31,832,47,907317.0731707317,0,0
26,대구광역시,서구,상리동,대구광역시 서구 상리동 264,1259730000.0,2024-11-07,나지,1436.0,585.0,2899997.697921223,170700.0,1979-12-31,579,47,877249.3036211699,0,0
27,대구광역시,서구,상리동,대구광역시 서구  상리동 33,1100000000.0,2024-02-06,근린시설,443.0,199.14,8208495.793145906,1035000.0,1989-07-01,854,37,2483069.9774266365,0,0
28,충청남도,아산시,신창면,"충청남도 아산시 신창면 읍내리 52-2(토지, 1동, 2동, 3동 건물 3개동)",3350000000.0,2023-04-09,공장,5413.0,3257.82,2045885.8609438865,189400.0,2018-04-02,1157,8,618880.4729355256,0,0
29,충청남도,아산시,신창면,"충청남도 아산시 신창면 읍내리 174-12, 174-5, 174-4",870000000.0,2025-07-07,일반숙박시설,1403.0,910.39,2049916.648504091,254200.0,1996-05-27,337,30,620099.7861724875,0,0
30,충청남도,아산시,신창면,충청남도 아산시 신창면 읍내리 52-32,100000000.0,2023-09-18,대지,243.0,585.0,1360405.4008094412,197200.0,1979-12-31,995,47,411522.633744856,0,0
31,충청남도,아산시,신창면,충청남도 아산시 신창면 읍내리 52-30 외 29필지,1900000000.0,2023-09-18,근린생활시설,5392.33,198.0,1164801.0666144672,197200.0,2021-01-26,995,5,352352.32265087636,1,0
34,경기도,화성만세구,향남읍,경기도 화성만세구 향남읍 도이리 625-6외 1필지,1000000000.0,2026-02-13,공장,858.0,312.0,3852896.4148798855,394200.0,2023-07-25,116,3,1165501.1655011654,1,0
35,경기도,화성만세구,향남읍,경기도 화성만세구 향남읍 도이리 74-23외 2필지,1040000000.0,2024-02-01,공장,1265.0,396.0,2717799.6276091854,398500.0,2020-01-16,859,6,822134.3873517787,1,0
36,경기도,화성만세구,향남읍,경기도 화성만세구 향남읍 도이리 625-10외 1필지,1020000000.0,2023-09-05,단독주택,1027.0,325.0,3283252.995565999,402400.0,1979-12-31,1008,47,993184.0311587147,0,0
37,경기도,화성만세구,향남읍,경기도 화성만세구 향남읍 도이리 625-11외 1필지,645000000.0,2022-11-26,단독주택,610.0,198.0,3495461.3196043894,402400.0,2006-01-01,1291,20,1057377.049180328,0,0
38,경기도,화성만세구,향남읍,경기도 화성만세구 향남읍 도이리 625-8외 1필지,1150000000.0,2023-04-25,단독주택,1129.0,371.52,3367274.484111589,402400.0,2006-01-01,1141,20,1018600.5314437555,0,0
39,대전광역시,유성구,신동,"대전광역시 유성구 신동 661-5, 661-6(토지 2필지)",2824729000.0,2023-05-02,대지,11821.7,585.0,789898.8392056993,352400.0,1979-12-31,1134,47,238944.39885972405,0,0
40,대전광역시,유성구,신동,대전광역시 유성구  신동 662-4,3314002000.0,2025-06-13,"공장,교육연구시설",4181.8,1158.55,2619775.8172071106,341800.0,2023-11-24,361,3,792482.1847051509,1,0
42,대전광역시,유성구,신동,대전광역시 유성구  신동 661-4,2753574000.0,2024-03-18,공업나지,5746.2,585.0,1584129.3318962357,352400.0,1979-12-31,813,47,479199.1228986113,0,0
43,대전광역시,유성구,신동,대전광역시 유성구  신동 661-7,2714247000.0,2023-03-27,공업나지,5536.7,585.0,1620589.4044054947,341800.0,1979-12-31,1170,47,490228.2948326621,0,0
44,대전광역시,유성구,신동,대전광역시 유성구  신동 661-8,3126758000.0,2023-03-29,단독주택,6286.1,585.0,1644324.793217516,352400.0,1979-12-31,1168,47,497408.2499482986,0,0
45,충청남도,아산시,음봉면,"충청남도 아산시 음봉면 산동리 950-129(토지, 건물), 685-75, 691-13, 691-15, 691-18, 691-23, 691-27, 711-8, 950-121, 950-133, 950-145, 950-151(토지 11필지)",1297000000.0,2023-02-21,공장,4211.49,1928.95,1018072.7737178822,218000.0,2023-09-21,1204,3,307967.0140496594,1,0
47,충청남도,아산시,음봉면,충청남도 아산시 음봉면 산동리 690-67외,2700000000.0,2026-02-06,공장,3541.0,989.86,2520649.487351241,244200.0,2023-02-27,123,3,762496.4699237504,1,0
48,충청남도,아산시,음봉면,충청남도 아산시 음봉면 산동리 950-130외 3필지,2300000000.0,2025-12-04,공장,3102.22,1370.4,2450924.1076145363,231900.0,2021-04-07,187,5,741404.5425533972,1,0
49,충청남도,아산시,음봉면,충청남도 아산시 음봉면 산동리 230-12외,2507710000.0,2026-03-05,공장,2741.34,996.82,3024050.432716533,284300.0,2013-07-18,96,13,914775.2558967512,0,0
50,충청남도,아산시,음봉면,충청남도 아산시 음봉면 산동리 243-32 외 14필지,2029370000.0,2025-07-05,공장,2150.4299999999994,1374.82,3119683.578179618,284300.0,2012-03-30,339,14,943704.2823993344,0,0
53,경상북도,경주시,천북면,경상북도 경주시 천북면 오야리 1388-1,3000000000.0,2023-12-19,공장,5653.9,4247.94,1754073.3603178032,203100.0,2014-12-31,903,12,530607.1914961354,0,0
54,경상북도,경주시,천북면,경상북도 경주시 천북면 화산리 1189-27,1000000000.0,2025-04-22,공장,3422.0,2328.4,966038.9023865991,181700.0,2004-02-18,413,22,292226.7679719462,0,0
55,경상북도,경주시,천북면,경상북도 경주시 천북면 오야리 1389,650000000.0,2024-10-04,대지,1719.0,585.0,1250006.0096442772,201300.0,1979-12-31,613,47,378126.8179173938,0,0
56,대구광역시,달성군,다사읍,"대구광역시 달성군 다사읍 세천리 1692(토지, 1동 건물)",3230000000.0,2021-10-27,공장,2381.7,1408.2599999999998,4483220.367978009,661700.0,2013-11-13,1686,13,1356174.1613133478,0,0
57,대구광역시,달성군,다사읍,대구광역시 달성군 다사읍 세천리 1662-4,3960000000.0,2025-11-11,공장,2605.3,2078.0,5024722.331750313,654600.0,2011-06-27,210,15,1519978.5053544696,0,0
58,대구광역시,달성군,다사읍,대구광역시 달성군 다사읍 세천리 1668-8,3234000000.0,2025-07-11,공장,1970.0,1100.48,5426857.406552838,654800.0,2020-12-17,333,6,1641624.3654822335,1,0
59,대구광역시,달성군,다사읍,대구광역시 달성군 다사읍 세천리 1673-9,4440000000.0,2026-01-20,공장,2476.3,1968.69,5927264.850952317,680100.0,2011-07-20,140,15,1792997.6174130759,0,0
60,대구광역시,달성군,다사읍,대구광역시 달성군 다사읍 세천리 1674-7,3220000000.0,2026-01-09,공장,1951.6,3114.42,5454308.310705859,667200.0,2011-06-24,151,15,1649928.2639885223,0,0
61,대구광역시,달성군,다사읍,대구광역시 달성군 다사읍 세천리 1684-6,2800000000.0,2025-11-05,공장,1675.0,1184.86,5526088.565437277,654800.0,2011-07-19,216,15,1671641.791044776,0,0
63,부산광역시,기장군,일광읍,부산광역시 기장군 일광읍 삼성리 33-19,53000000.0,2025-12-02,근린생활시설,11.93,585.0,14686220.58426219,4056000.0,1979-12-31,189,47,4442581.7267393125,0,0
64,부산광역시,기장군,일광읍,부산광역시 기장군 일광읍 삼성리 33-8,1000000000.0,2023-12-15,주상용,196.4,244.26,16831899.81653229,2823000.0,1986-08-19,907,40,5091649.694501018,0,0
65,부산광역시,기장군,일광읍,"부산광역시 기장군 일광읍 삼성리 33-11, 33-13, 33-14, 33-16, 33-7",2998500000.0,2024-04-03,"위락시설, 숙박시설",254.39999999999998,778.04,38963823.48354904,2379000.0,1988-12-21,797,38,11786556.603773586,0,0
66,부산광역시,기장군,일광읍,부산광역시 기장군 일광읍 삼성리 886-2,5100000000.0,2023-09-07,대지,690.0,585.0,24434063.95975566,3717000.0,1979-12-31,1006,47,7391304.347826087,0,0
68,경기도,화성만세구,장안면,경기도 화성만세구 장안면 수촌리 185,1000000000.0,2025-11-21,공업용,1012.0,964.12,3266586.090876425,299300.0,2015-07-30,200,11,988142.2924901185,0,0
69,경기도,화성만세구,장안면,경기도 화성만세구 장안면 수촌리 419-28,1190000000.0,2025-09-19,근린생활시설,808.0,308.11,4868668.685050324,522300.0,2024-02-27,263,2,1472772.2772277228,1,0
70,경기도,화성만세구,장안면,경기도 화성만세구 장안면 수촌리 741-3,174500000.0,2026-03-27,공업나지,1153.0,585.0,500311.7989004608,305100.0,1979-12-31,74,47,151344.31916738942,0,0
71,경기도,화성만세구,장안면,경기도 화성만세구 장안면 수촌리 957-8외 4필지,1486000000.0,2026-03-31,공업용,1927.0,630.0,2549245.8195199147,50700.0,2025-12-29,70,1,771146.8604047743,1,0
72,경기도,화성만세구,장안면,경기도 화성만세구 장안면 수촌리 957-9외 3필지,1517000000.0,2026-04-24,공업용,1857.0,672.0,2700525.596692435,308700.0,2024-11-11,46,2,816908.9929994615,1,0
73,경기도,파주시,탄현면,"경기도 파주시 탄현면 금승리 295, 296-1, 3063-4, 305-1(토지 4필지, 1동, 2동, 3동 건물 3개동), 295-1, 303, 314-1(토지 3필지)",4180000000.0,2025-08-25,공장,4896.0,1764.0,2822341.0576351755,315900.0,2017-07-19,288,9,853758.1699346405,0,0
74,경기도,파주시,탄현면,"경기도 파주시 탄현면 금승리 226-1, 226-2, 226-4, 226-5, 226-6",2800000000.0,2025-11-17,"공장, 소매점 등",3653.6,1020.5799999999999,2533446.011360696,756800.0,2007-09-03,204,19,766367.4184366105,0,0
75,경기도,파주시,탄현면,"경기도 파주시 탄현면 금승리 67-6, 67-9",2800000000.0,2024-07-02,공장,2894.0,971.0,3198409.9333474217,526900.0,2022-02-21,707,4,967519.004837595,1,0
76,경기도,파주시,탄현면,"경기도 파주시 탄현면 금승리 264-13, 264-20 외 3필지",1300000000.0,2025-01-14,공장,2322.72,2019.0,1850210.3831529522,335900.0,2011-08-17,511,15,559688.640903768,0,0
77,경기도,파주시,탄현면,경기도 파주시 탄현면 금승리 477-59,745356000.0,2024-09-09,대지,704.0,585.0,3499981.2171299774,350800.0,1979-12-31,638,47,1058744.3181818181,0,0
78,경기도,파주시,탄현면,경기도 파주시 탄현면 금승리 163-1,510000000.0,2023-05-22,근린생활시설,532.0,188.54,3169079.7241036473,589000.0,2008-04-14,1114,18,958646.6165413534,0,0
79,경상북도,구미시,공단동,"경상북도 구미시 공단동 150(토지, 8-1동, 8-2동 건물 2개동)",510000000.0,2022-08-09,공장,3178.0,1665.6,530506.7379556766,235000.0,2013-11-13,1400,13,160478.2882315922,0,0
80,경상북도,구미시,공단동,경상북도 구미시  공단동 129-14,2500000000.0,2025-07-18,공장,2233.0,1278.72,3701058.1325200875,228000.0,2012-11-14,326,14,1119570.0850873264,0,0
81,경상북도,구미시,공단동,경상북도 구미시  공단동 130-7,600000000.0,2025-10-14,공장,664.16,414.54,2986435.6094618244,204300.0,2009-09-22,238,17,903396.771862202,0,0
82,경상북도,구미시,공단동,경상북도 구미시  공단동 130-7,590000000.0,2025-12-02,공장,691.27,431.46,2821492.648517216,204300.0,2009-09-22,189,17,853501.5261764579,0,0
83,경상북도,구미시,공단동,"경상북도 구미시  공단동 161, 161-1",1660000000.0,2026-01-17,공장,2198.0,1349.93,2496634.8069996014,228000.0,2007-08-20,143,19,755232.0291173795,0,0
85,경기도,화성시,효행구,"경기도 화성시 효행구 정남면 문학리 294-18(토지, 건물)",2815000000.0,2024-04-25,공장,1613.0,1587.2,5769240.622422159,526100.0,2009-12-02,775,17,1745195.2882827031,0,0
86,경기도,화성효행구,정남면,경기도 화성효행구 정남면 문학리 226-2외 4필지,666307238.0,2025-10-28,공장,677.0,198.45,3253572.4599289526,161500.0,2025-10-15,224,1,984205.6691285081,1,0
87,경기도,화성효행구,정남면,경기도 화성효행구 정남면 문학리 55-4외 3필지,1400000000.0,2025-08-04,근린생활시설,1616.0,396.0,2863922.755911955,370700.0,2023-12-18,309,3,866336.6336633663,1,0
88,경기도,화성효행구,정남면,"경기도 화성효행구 정남면 문학리 82-5, 82-8",475000000.0,2025-10-17,근린생활시설(제조업소),486.5,166.5,3227642.2073675185,425400.0,2019-06-24,235,7,976361.7677286742,0,0
89,경기도,화성효행구,정남면,경기도 화성효행구 정남면 문학리 226외 3필지,741000000.0,2024-07-18,공장(제조공장),646.0,198.0,3791929.9951385516,428700.0,2024-10-25,691,2,1147058.8235294118,1,0
90,경기도,화성효행구,정남면,경기도 화성효행구 정남면 문학리 501-48외 2필지,830000000.0,2024-06-28,공장,791.0,260.81,3468775.7937959065,454700.0,2015-11-13,711,11,1049304.6776232617,0,0
92,경기도,화성만세구,향남읍,"경기도 화성만세구 향남읍 요리 94-12, 94-7",1518000000.0,2025-09-03,공장,1672.0,785.06,3001304.9151805136,333400.0,2018-12-31,279,8,907894.7368421053,0,0
93,경기도,화성만세구,향남읍,"경기도 화성만세구 향남읍 요리 121-6, 122",1730000000.0,2025-12-08,공장,2299.0,1601.72,2487606.900592784,460300.0,2009-06-10,183,17,752501.0874293171,0,0
94,경기도,화성만세구,향남읍,경기도 화성만세구 향남읍 요리 39-4,445000000.0,2025-07-03,공장,1796.0,291.76,819083.7306042814,410900.0,2006-10-02,341,20,247772.8285077951,0,0
95,경기도,화성만세구,향남읍,경기도 화성만세구 향남읍 요리 202-2외 2필지,1545520000.0,2024-05-14,공장,1600.99,473.64,3191248.5554521815,346200.0,2024-01-23,756,2,965352.688024285,1,0
96,경기도,화성만세구,향남읍,경기도 화성만세구 향남읍 요리 31외 2필지,850000000.0,2024-10-09,공장,811.5,295.29,3462621.510008504,460300.0,2017-08-08,608,9,1047443.0067775724,0,0
97,충청북도,진천군,진천읍,"충청북도 진천군 진천읍 지암리 16-8, 16-9, 16-10, 16-11(토지 4필지, 건물), 산54-2, 산66-2(토지 2필지)",2800000000.0,2023-06-20,공장,15401.91939727338,3057.7300000000005,600976.9372475792,114200.0,1994-09-03,1085,32,181795.52351739275,0,0
98,충청북도,진천군,진천읍,충청북도 진천군 진천읍 지암리 14,160239000.0,2021-05-10,공업나지,1433.0,585.0,369655.06104629365,114200.0,1979-12-31,1856,47,111820.65596650384,0,0
99,충청북도,진천군,진천읍,충청북도 진천군 진천읍 지암리 15,79392000.0,2021-05-10,공업나지,710.0,585.0,369651.96135490626,116400.0,1979-12-31,1856,47,111819.71830985915,0,0
100,충청북도,진천군,진천읍,충청북도 진천군 진천읍 지암리 16-5,441245000.0,2021-05-10,공업나지,3946.0,585.0,369655.64040162024,114200.0,1979-12-31,1856,47,111820.83122149012,0,0
101,충청북도,진천군,진천읍,충청북도 진천군 진천읍 지암리 821-1,600000000.0,2022-02-28,공장,2036.8,780.76,973817.2988904975,121600.0,2009-02-04,1562,17,294579.7329143755,0,0
104,경기도,화성만세구,장안면,경기도 화성만세구 장안면 독정리 101-33외 3필지,3310000000.0,2025-09-18,공장,3531.0,1110.0,3098880.9856501212,238900.0,2022-10-31,264,4,937411.4981591617,1,0
105,경기도,화성만세구,장안면,"경기도 화성만세구 장안면 독정리 569-8, 569-9, 569-10, 568-4",685000000.0,2024-05-31,공장,248.0,492.65,9130898.427086111,276000.0,2023-06-26,739,3,2762096.7741935486,1,0
106,경기도,화성만세구,장안면,경기도 화성만세구 장안면 독정리 467-8,570000000.0,2024-11-22,공장,674.0,198.0,2795693.650832577,279200.0,2021-09-06,564,5,845697.3293768546,1,0
107,경기도,화성만세구,장안면,"경기도 화성만세구 장안면 독정리 355-4, 355-7, 355-22",1900000000.0,2025-03-28,공장,2559.43,978.12,2454058.808225734,306300.0,2007-05-10,438,19,742352.7894882845,0,0
108,경상남도,산청군,생비량면,"경상남도 산청군 생비량면 화현리 1675-1(토지, 제1동 건물)",563500000.0,2022-01-04,공장,3801.5,2291.2799999999997,490019.70731431595,61600.0,2023-06-16,1617,3,148230.96146258057,1,0
109,경상남도,산청군,생비량면,"경상남도 산청군 생비량면 화현리 1662-4, 1662-7, 1662-6",649879600.0,2024-11-20,공업나지,3809.6,585.0,563933.8287614413,62900.0,1979-12-31,566,47,170589.983200336,0,0
110,경상남도,산청군,생비량면,경상남도 산청군 생비량면 화현리 1662-5,139356745.0,2023-07-17,공업나지,774.9,585.0,594506.9745069746,62900.0,1979-12-31,1058,47,179838.35978835978,0,0
111,경상남도,산청군,생비량면,경상남도 산청군 생비량면 화현리 1671,626146000.0,2022-05-25,공업나지,4339.2,585.0,477024.3667568688,32600.0,1979-12-31,1476,47,144299.87094395282,0,0
112,경상남도,산청군,생비량면,경상남도 산청군 생비량면 화현리 1671-2,641080000.0,2022-05-09,공업나지,3666.7,585.0,577978.2167269555,32600.0,1979-12-31,1492,47,174838.410559904,0,0
113,경기도,화성시,만세구,"경기도 화성시 만세구 송산면 사강리 239-9(토지, 건물), 239-11, 244-12, 244-13(토지 3필지)",2550000000.0,2022-10-04,공장,2914.8703639791847,984.6,2891981.808277735,354700.0,2010-12-15,1344,16,874824.4970040149,0,0
114,경기도,화성만세구,송산면,경기도 화성만세구 송산면 사강리 116-7외 15필지,650000000.0,2025-08-14,공장,912.1999999999999,321.25,2355580.279081904,355500.0,2018-02-07,299,8,712563.0344222758,0,0
115,경기도,화성만세구,송산면,"경기도 화성만세구 송산면 사강리 81-6, 81-7, 80-4, 81-4",762000000.0,2025-06-10,공업용,1363.0,585.0,1848135.1903615627,336500.0,2023-05-03,364,3,559060.8950843727,1,0
116,경기도,화성만세구,송산면,경기도 화성만세구 송산면 사강리 181외 10필지,3400000000.0,2024-07-05,공장,3115.0,1232.58,3608240.584747224,375500.0,2015-04-24,704,11,1091492.7768860352,0,0
117,경기도,화성만세구,송산면,경기도 화성만세구 송산면 사강리 227-26외 3필지,2045100000.0,2024-09-06,공장,3010.0,420.0,2246066.8295763433,345100.0,2022-11-22,641,4,679435.2159468438,1,0
118,경기도,화성만세구,송산면,경기도 화성만세구 송산면 사강리 227-28외 5필지,672000000.0,2024-10-28,제조업소,881.0,198.0,2521552.3306535585,345100.0,2024-12-12,589,2,762769.5800227015,1,0
120,부산광역시,사하구,장림동,부산광역시 사하구  장림동 979-10,310000000.0,2025-08-01,공장,403.0,597.88,2542911.6338207247,652000.0,2000-07-03,312,26,769230.7692307692,0,0
121,부산광역시,사하구,장림동,부산광역시 사하구  장림동 1081,4168000000.0,2025-09-01,공해공장,1983.2,2867.26,6947616.174210476,776400.0,1995-09-29,281,31,2101653.892698669,0,0
123,부산광역시,사하구,장림동,부산광역시 사하구  장림동 1088-9,2096407590.0,2025-11-13,공장,1582.5,996.72,4379319.446946849,772100.0,1993-12-31,208,33,1324744.1327014219,0,0
124,부산광역시,사하구,장림동,부산광역시 사하구  장림동 1087-14,1249989801.0,2025-02-25,공장,656.3,950.46,6296202.482486971,772100.0,1991-10-16,469,35,1904601.2509523085,0,0
126,충청남도,아산시,인주면,충청남도 아산시 인주면 해암리 13,284000000.0,2024-06-17,공장,3029.5,877.5,309900.3053991126,147400.0,2012-11-26,722,14,93744.84238323156,0,0
127,충청남도,아산시,인주면,충청남도 아산시 인주면 해암리 11-15,660000000.0,2022-07-19,공장,1223.0,548.6,1783988.7014048912,157800.0,2014-01-16,1421,12,539656.5821749796,0,0
128,충청남도,아산시,인주면,충청남도 아산시 인주면 해암리 33-1,1321200000.0,2022-11-25,공장,2742.0,2052.15,1592853.1385066097,149000.0,2016-09-23,1292,10,481838.07439824945,0,0
130,경상북도,성주군,용암면,"경상북도 성주군 용암면 용정리 92-6, 92-4",751500000.0,2023-11-24,공장,3375.0,585.0,736088.1542699725,148800.0,1979-12-31,928,47,222666.66666666666,0,0
131,경상북도,성주군,용암면,"경상북도 성주군 용암면 상언리 244-2, 244-1",238500000.0,2025-09-02,창고시설,741.0,132.0,1064007.7625723558,70700.0,2015-10-15,280,11,321862.3481781377,0,0
132,경상북도,성주군,용암면,경상북도 성주군 용암면 상언리 702-6,570000000.0,2023-12-29,공장,7280.0,1510.75,258832.0770138952,123700.0,2001-08-14,893,25,78296.7032967033,0,0
133,경상북도,성주군,용암면,"경상북도 성주군 용암면 덕평리 1104-98, 1104-102",1150000000.0,2025-03-19,자원순환관련시설,2629.0,711.3,1446045.2234925763,193500.0,2012-01-13,447,14,437428.68010650435,0,0
134,경상북도,성주군,용암면,"경상북도 성주군 용암면 용정리 62-7, 62-10",800000000.0,2024-12-30,자원순환관련시설,4239.5,548.25,623806.604357484,153400.0,2004-07-06,526,22,188701.49781813895,0,0
136,경상남도,진주시,상대동,경상남도 진주시  상대동 33-158,1303250000.0,2026-03-27,공장,1327.0,972.05,3246619.791115235,524400.0,1980-07-23,74,46,982102.4868123587,0,0
137,경상남도,진주시,상대동,경상남도 진주시  상대동 33-142,1100000000.0,2024-11-05,공장,861.0,615.56,4223418.857565199,524400.0,2000-04-25,581,26,1277584.2044134727,0,0
138,경상남도,진주시,상대동,경상남도 진주시  상대동 33-26,2160000000.0,2023-12-22,공장,1338.0,497.47,5336693.473668606,613700.0,1981-04-02,900,45,1614349.7757847533,0,0
139,경상남도,진주시,상대동,경상남도 진주시  상대동 33-33,1435000000.0,2022-09-21,공장,1655.0,367.29,2866345.4096027566,503400.0,1980-07-09,1357,46,867069.4864048338,0,0
140,경상남도,진주시,상대동,경상남도 진주시  상대동 33-46,750000000.0,2023-02-08,공장,815.0,412.48,3042133.5496628303,524400.0,1985-11-12,1217,41,920245.3987730062,0,0
141,경기도,광주시,초월읍,"경기도 광주시 초월읍 용수리 369(토지, 건물), 369-4, 369-5, 369-2(토지 3필지)",1610000000.0,2022-05-31,공장,1769.0,594.0,3008656.896318133,444200.0,1990-12-27,1470,36,910118.7111362352,0,0
142,경기도,광주시,초월읍,"경기도 광주시 초월읍 용수리 47-2, 48-1, 27-3",2270000000.0,2025-09-03,공장,1984.0,198.0,3782324.7134097577,385400.0,2015-08-13,279,11,1144153.2258064516,0,0
143,경기도,광주시,초월읍,"경기도 광주시 초월읍 용수리 65-5, 65-4",1850000000.0,2026-04-17,창고시설,1419.0,779.92,4309867.850133082,385400.0,2005-03-17,53,21,1303735.0246652572,0,0
144,경기도,광주시,초월읍,경기도 광주시 초월읍 용수리 106외 2필지,1180000000.0,2026-01-08,2종근생(제조업소),966.0,477.56,4038122.6151977144,497400.0,2008-04-23,152,18,1221532.0910973086,0,0
145,경기도,광주시,초월읍,경기도 광주시 초월읍 용수리 116외 3필지,845000000.0,2025-12-26,2종근생(제조업소),255.87,379.9,10917217.453206964,418900.0,2025-09-25,165,1,3302458.279595107,1,0
146,경기도,광주시,초월읍,"경기도 광주시 초월읍 용수리 9-8, 23-1",1420000000.0,2024-10-12,공장,1256.0,374.64,3737432.2261409694,385400.0,2001-01-31,605,25,1130573.2484076433,0,0
147,경기도,용인시,처인구,"경기도 용인시 처인구 백암면 백봉리 1370-9(토지, 건물)",1810000000.0,2024-02-28,공장,1992.0,744.0,3003750.539347472,217900.0,2015-06-23,832,11,908634.5381526104,0,0
148,경기도,용인처인구,백암면,경기도 용인처인구 백암면 백봉리 1370-10,1500000000.0,2023-09-07,공장,1719.0,894.0,2884629.253025255,226600.0,2015-08-04,1006,11,872600.3490401396,0,0
152,경기도,화성시,만세구,"경기도 화성시 만세구 장안면 수촌리 70-21(토지, 1동, 2동 건물 2개동), 70-6, 70-14, 70-15, 70-16, 70-22, 70-24, 70-30, 291-1(토지 8필지)",2000000000.0,2021-11-26,공장,2625.29,990.0,2518415.2028666874,293900.0,2018-03-28,1656,8,761820.5988671727,0,0
153,경기도,화성만세구,장안면,경기도 화성만세구 장안면 수촌리 25-7외 3필지,2120000000.0,2025-12-18,공장,2471.0,585.0,2836205.7720800964,282100.0,2023-01-09,173,3,857952.2460542291,1,0
154,경기도,화성만세구,장안면,"경기도 화성만세구 장안면 수촌리 129-33, 129-35",1600000000.0,2025-11-14,공장,2572.0,1037.89,2056475.9713635722,306600.0,2007-03-08,207,19,622083.9813374806,0,0
155,경기도,화성만세구,장안면,경기도 화성만세구 장안면 수촌리 185,1000000000.0,2025-11-21,공장,1012.0,964.12,3266586.090876425,299300.0,2015-07-30,200,11,988142.2924901185,0,0
156,경기도,화성만세구,장안면,경기도 화성만세구 장안면 수촌리 265-41외 14필지,750000000.0,2026-03-04,공장,757.3399999999999,264.0,3273746.0625019236,285000.0,2016-11-03,97,10,990308.1839068319,0,0
157,경기도,화성만세구,장안면,경기도 화성만세구 장안면 수촌리 366-1,950000000.0,2025-07-24,공장,990.0,990.0,3172218.048251106,240400.0,1992-10-26,320,34,959595.9595959596,0,0
164,전라남도,광양시,옥곡면,"전라남도 광양시 옥곡면 신금리 1591-9(토지, 제1동호 건물)",1300000000.0,2022-11-21,공장,1650.0,1042.79,2604557.976458803,213700.0,2014-08-29,1296,12,787878.7878787878,0,0
165,전라남도,광양시,옥곡면,전라남도 광양시 옥곡면 신금리 1591-25,802000000.0,2026-02-23,공업나지,3400.4,585.0,779684.6457538782,216100.0,1979-12-31,106,47,235854.60534054815,0,0
166,전라남도,광양시,옥곡면,전라남도 광양시 옥곡면 신금리 1591-27,540000000.0,2026-03-04,공업나지,2237.7,585.0,797749.4601341328,214000.0,1979-12-31,97,47,241319.21169057518,0,0
167,전라남도,광양시,옥곡면,전라남도 광양시 옥곡면 신금리 886-1,500000000.0,2025-06-18,"공장, 제2종근린생활시설",1483.0,343.0,1114560.0552821788,195600.0,2002-11-05,356,24,337154.4167228591,0,0
168,전라남도,광양시,옥곡면,전라남도 광양시 옥곡면 신금리 1507-88,750000000.0,2025-09-19,공장,1655.0,514.59,1498089.9353324512,226500.0,1996-05-10,263,30,453172.20543806645,0,0
169,전라남도,광양시,옥곡면,"전라남도 광양시 옥곡면 신금리 1507-64, 1507-146",2700000000.0,2024-11-07,공장,4522.0,1892.53,1973821.2814486388,224000.0,1995-12-30,579,31,597080.9376382132,0,0
171,전북특별자치도,군산시,산북동,"전북특별자치도 군산시  산북동 1094-7, 1094-8, 1094-9, 1094-10",500000000.0,2023-09-20,주유소,827.0,245.8,1998660.8971988768,210000.0,1995-10-04,993,31,604594.9214026602,0,0
172,전북특별자치도,군산시,산북동,"전북특별자치도 군산시  산북동 1991-1, 1992-2",1935000000.0,2023-06-30,주유소,6763.0,808.8000000000001,945836.7906071319,216600.0,2004-02-20,1075,22,286115.6291586574,0,0
173,전북특별자치도,군산시,산북동,전북특별자치도 군산시  산북동 2200,432000000.0,2023-08-08,주유소,952.0,134.0,1500104.1739009651,208600.0,2007-06-15,1036,19,453781.512605042,0,0
174,전북특별자치도,군산시,산북동,전북특별자치도 군산시  산북동 1433,1050000000.0,2023-03-06,주유소,1395.0,195.25,2488225.362125655,184800.0,2009-06-12,1191,17,752688.1720430107,0,0
175,전북특별자치도,군산시,산북동,"전북특별자치도 군산시  산북동 1220-2, 1220-4",1054644000.0,2022-11-18,주유소,1527.0,299.11,2283186.9327314943,306700.0,1999-08-12,1299,27,690664.047151277,0,0
183,경상남도,창원의창구,대산면,경상남도 창원의창구 대산면 가술리 503-117,675000000.0,2025-10-01,공장,677.0,231.0,3296019.1413259762,346000.0,1991-03-18,251,35,997045.7902511079,0,0
184,경상남도,창원의창구,대산면,경상남도 창원의창구 대산면 가술리 1744-3,830000000.0,2025-02-13,공장,990.0,390.95,2771516.8211035975,193100.0,2010-08-23,481,16,838383.8383838384,0,0
185,경상남도,창원의창구,대산면,"경상남도 창원의창구 대산면 가술리 503-48, 503-46, 503-44",2456181812.0,2022-06-03,"공장,창고,주택",4937.0,2102.99,1644644.3783406457,316600.0,1995-11-21,1467,31,497504.9244480454,0,0
186,경상남도,창원의창구,대산면,경상남도 창원의창구 대산면 가술리 1765-10,230071773.0,2022-07-15,공장,527.0,585.0,1443202.7412297898,212600.0,1979-12-31,1425,47,436568.8292220114,0,0
187,경기도,화성시,만세구,"경기도 화성시 만세구 송산면 지화리 686-5, 686-6(토지 2필지, 에이동, 비동 건물 2개동)",3580965000.0,2020-12-03,공장,6867.4,3232.2200000000003,1723782.0465454587,367300.0,2022-05-12,2014,4,521444.0690800012,1,0
188,경기도,화성만세구,송산면,경기도 화성만세구 송산면 지화리 684-2,2400000000.0,2025-07-17,공장,1768.9,1079.79,4485207.924427984,356200.0,2021-09-10,327,5,1356775.3971394652,1,0
189,경기도,화성만세구,송산면,경기도 화성만세구 송산면 지화리 683-10,2270000000.0,2025-07-15,공장,3413.6,585.0,2198304.497130583,378300.0,1979-12-31,329,47,664987.1103820014,0,0
191,경기도,화성만세구,송산면,경기도 화성만세구 송산면 중송리 574-6,2038000000.0,2021-05-27,공장,3370.2,585.0,1999047.5587931366,380100.0,1979-12-31,1839,47,604711.8865349238,0,0
192,경기도,화성만세구,서신면,경기도 화성만세구 서신면 전곡리 1100-4,5500000000.0,2025-06-02,공장,3839.8,2564.17,4735095.104385171,354000.0,2018-04-24,372,8,1432366.2690765143,0,0
194,충청남도,아산시,음봉면,"충청남도 아산시 음봉면 원남리 247-2, 274-1, 259-10외 3필지",944760000.0,2024-04-11,다가구주택,641.9699999999999,550.8,4864983.6498886375,172400.0,2017-01-09,789,9,1471657.554091313,0,0
195,충청남도,아산시,배방읍,충청남도 아산시 배방읍 갈매리 46116,1200000000.0,2023-09-08,노유자시설,962.0,795.76,4123640.487276851,324500.0,2008-01-24,1005,18,1247401.2474012475,0,0
196,경기도,평택시,비전동,경기도 평택시  비전동 885,1550000000.0,2026-01-27,노유자시설,1059.7,2969.73,4835299.558505954,159400.0,1998-02-07,133,28,1462678.1164480513,0,0
197,충청남도,천안서북구,쌍용동,충청남도 천안서북구  쌍용동 479-7외,3550000000.0,2024-04-16,노유자시설,554.0,1378.06,21183280.12650297,652700.0,2021-08-04,784,5,6407942.238267148,1,0
198,경기도,화성시,만세구,"경기도 화성시 만세구 남양읍 남양리 2314-1(토지, 제1동호 건물)",429976620.0,2021-10-09,근린주택,306.2,709.61,4642097.694479383,1716000.0,2022-11-15,1704,4,1404234.5525800132,1,0
199,경기도,화성만세구,남양읍,경기도 화성만세구 남양읍 남양리 2054-16,1200000000.0,2024-10-15,근린주택,375.0,533.85,10578512.396694215,1068000.0,2021-08-05,602,5,3200000.0,1,0
200,경기도,화성만세구,남양읍,경기도 화성만세구 남양읍 남양리 2017-5,420000000.0,2024-01-09,근린주택,219.6,80.0,6322539.854581583,1454000.0,2015-12-29,882,11,1912568.306010929,0,0
201,경기도,화성만세구,남양읍,경기도 화성만세구 남양읍 남양리 2039-20,910000000.0,2026-01-15,근린주택,441.8,481.09,6809109.241308098,1553000.0,2011-10-07,145,15,2059755.5454956994,0,0
202,경기도,화성만세구,남양읍,경기도 화성만세구 남양읍 남양리 2149-1,1550000000.0,2026-03-23,근린주택,285.9,494.96,17922234.844871495,1235000.0,2019-07-15,78,7,5421476.040573628,0,0
203,경기도,화성만세구,남양읍,경기도 화성만세구 남양읍 남양리 2016-11,890000000.0,2025-01-10,근린주택,287.1,424.83,10247818.74026673,1454000.0,2015-08-06,515,11,3099965.168930686,0,0
205,서울특별시,마포구,신수동,서울특별시 마포구  신수동 22-14,3150000000.0,2025-01-13,근린상가,152.0,274.69,68508046.9769465,6337000.0,1989-10-25,512,37,20723684.210526317,0,0
206,서울특별시,마포구,구수동,서울특별시 마포구  구수동 12,1290000000.0,2025-12-30,근린상가,83.0,106.92,51379069.999004275,7068000.0,2012-02-09,161,14,15542168.674698794,0,0
207,서울특별시,마포구,창전동,서울특별시 마포구  창전동 402-20,4000000000.0,2023-06-26,근린상가,288.0,378.63,45913682.27731864,8369000.0,1979-12-31,1079,47,13888888.888888888,0,0
231,충청남도,예산군,삽교읍,충청남도 예산군 삽교읍 신리 313-110외,1674000000.0,2025-11-21,숙박시설,1083.0,908.22,5109773.127904581,243200.0,2021-07-05,200,5,1545706.3711911358,1,0
232,충청남도,예산군,삽교읍,충청남도 예산군 삽교읍 신리 313-117외,1072000000.0,2026-01-30,상업용,958.43,458.98,3697507.019701556,286300.0,2018-05-17,130,8,1118495.8734597208,0,0
233,충청남도,예산군,덕산면,충청남도 예산군 덕산면 신평리 553,4000000000.0,2023-06-12,숙박시설,288.0,785.89,45913682.27731864,418900.0,1979-12-31,1093,47,13888888.888888888,0,0
235,제주특별자치도,제주시,애월읍,제주특별자치도 제주시 애월읍 신엄리 3075,633000000.0,2025-10-30,숙박시설,1063.33,260.32,1967932.7992919176,355100.0,2014-12-12,222,12,595299.671785805,0,0
238,제주특별자치도,제주시,애월읍,제주특별자치도 제주시 애월읍 신엄리 3075,633000000.0,2025-10-30,숙박시설,1063.33,260.32,1967932.7992919176,355100.0,2014-12-12,222,12,595299.671785805,0,0
240,경상남도,김해시,신문동,경상남도 김해시  신문동 651-2외,823561400.0,2025-06-05,전 등,363.0,585.0,7500046.900257268,445100.0,1979-12-31,369,47,2268764.1873278236,0,0
241,경상남도,김해시,신문동,경상남도 김해시  신문동 976,55000000.0,2024-05-01,전,472.5,585.0,384800.3848003848,177200.0,1979-12-31,769,47,116402.1164021164,0,0
242,경상남도,김해시,신문동,경상남도 김해시  신문동 507-9외,966000000.0,2023-10-18,답,425.79,585.0,7499914.112008422,1985000.0,1979-12-31,965,47,2268724.0188825475,0,0
243,경상남도,김해시,신문동,경상남도 김해시  신문동 976,110000000.0,2024-03-26,답,945.0,585.0,384800.3848003848,177200.0,1979-12-31,805,47,116402.1164021164,0,0
249,제주특별자치도,제주시,구좌읍,제주특별자치도 제주시 구좌읍 덕천리 828-1외,383000000.0,2026-02-27,임야 등,12763.0,585.0,99202.04516801213,14300.0,1979-12-31,102,47,30008.61866332367,0,0
250,제주특별자치도,제주시,구좌읍,제주특별자치도 제주시 구좌읍 덕천리 116-2,60000000.0,2025-05-26,임야,1475.0,585.0,134472.6152122146,8760.0,1979-12-31,379,47,40677.96610169492,0,0
251,제주특별자치도,제주시,구좌읍,제주특별자치도 제주시 구좌읍 덕천리 77-18,58000000.0,2025-08-08,임야,285.0,585.0,672756.2708423953,21200.0,1979-12-31,305,47,203508.77192982455,0,0
252,제주특별자치도,제주시,구좌읍,제주특별자치도 제주시 구좌읍 덕천리 1343외,160000000.0,2024-07-05,임야,8504.66,585.0,62192.447415265364,17200.0,1979-12-31,704,47,18813.215343117772,0,0
253,제주특별자치도,제주시,구좌읍,제주특별자치도 제주시 구좌읍 덕천리 920,420000000.0,2024-11-11,임야,5170.0,585.0,268555.0777690746,12000.0,1979-12-31,575,47,81237.91102514506,0,0
255,경기도,광주시,태전동,경기도 광주시  태전동 523-1외,1880000000.0,2026-02-12,공장,394.8,394.8,15741833.923652105,685300.0,1992-12-29,117,34,4761904.761904762,0,0
257,경기도,광주시,목동,경기도 광주시  목동 74외,2040000000.0,2024-10-29,공장,936.0,474.08,7204916.295825387,608400.0,2022-11-02,588,4,2179487.1794871795,1,0
258,경기도,광주시,태전동,경기도 광주시  태전동 446-3,4472000000.0,2024-12-31,공장,1498.0,1474.2,9868805.790640965,665900.0,1994-09-09,525,32,2985313.751668892,0,0
259,경기도,광주시,태전동,경기도 광주시  태전동 467-48,40000000.0,2025-08-17,공장용지,262.04,585.0,504622.9772503345,608400.0,1979-12-31,296,47,152648.45061822623,0,0
261,경기도,평택시,청북읍,경기도 평택시 청북읍 옥길리 1134-4,860000000.0,2026-02-10,근린상가,427.8,484.07,6645570.842944297,1055000.0,2016-09-29,119,10,2010285.1799906497,0,0
262,경기도,평택시,안중읍,경기도 평택시 안중읍 덕우리 187외,345318000.0,2025-05-13,근린상가,468.0,212.7,2439203.221021403,281700.0,1998-11-18,392,28,737858.9743589744,0,0
263,경기도,평택시,안중읍,경기도 평택시 안중읍 학현리 505-12,1700000000.0,2025-04-16,근린상가,893.0,935.08,6293207.962759017,2132000.0,2000-11-16,419,26,1903695.4087346024,0,0
264,경기도,평택시,안중읍,경기도 평택시 안중읍 학현리 132-1,1600000000.0,2024-05-20,근린상가,1269.0,415.2,4168050.5897140326,527600.0,2023-10-25,750,3,1260835.3033884948,1,0
265,경기도,평택시,안중읍,경기도 평택시 안중읍 덕우리 220,150000000.0,2023-10-05,대지,595.0,585.0,833391.2077227585,281700.0,1979-12-31,978,47,252100.84033613445,0,0
267,대전광역시,서구,갈마동,대전광역시 서구  갈마동 377-19,920000000.0,2025-12-04,상업용,236.4,493.6,12865153.612730907,1495000.0,1995-07-15,187,31,3891708.9678510996,0,0
268,대전광역시,서구,갈마동,대전광역시 서구  갈마동 292-3,2320000000.0,2025-06-20,상업용,384.7,1438.14,19936109.923585407,2282000.0,1997-10-31,354,29,6030673.251884585,0,0
269,대전광역시,서구,갈마동,대전광역시 서구  갈마동 308-10,590000000.0,2024-07-19,상업용,183.8,464.34,10611606.21948039,1788000.0,1992-05-01,690,34,3210010.881392818,0,0
270,대전광역시,서구,갈마동,대전광역시 서구  갈마동 361-18,1290000000.0,2024-11-13,상업용,520.2,1460.9,8197737.043285958,1187000.0,1990-10-23,573,36,2479815.4555940023,0,0
271,충청북도,충주시,대소원면,"충청북도 충주시 대소원면 본리 1100(토지, 건물), 1102-1(토지)",4340000000.0,2021-01-11,주유소,4329.5,310.2,3313802.387808414,494900.0,2012-07-30,1975,14,1002425.2223120453,0,0
272,충청북도,충주시,대소원면,충청북도 충주시 대소원면 본리 1102,4700000000.0,2025-07-25,상업나지,3676.8,585.0,4225737.076437289,461500.0,1979-12-31,319,47,1278285.4656222803,0,0
273,충청북도,충주시,신니면,충청북도 충주시 신니면 모남리 99-1,430000000.0,2020-07-06,주유소,521.0,141.48,2728383.1157500674,107400.0,2007-11-16,2164,19,825335.8925143954,0,0
274,충청북도,충주시,금릉동,충청북도 충주시 금릉동 180-2,430000000.0,2023-08-31,주유소,641.0,47.0,2217609.365531646,515600.0,2003-05-13,1013,23,670826.8330733229,0,0
276,경기도,화성만세구,남양읍,경기도 화성만세구 남양읍 장덕리 780-28외,2250000000.0,2025-06-20,"제조업소, 사무소",3077.0,700.0,2417294.9395273384,274400.0,2023-10-27,354,3,731231.7192070198,1,0
277,경기도,화성만세구,남양읍,경기도 화성만세구 남양읍 장덕리 967-8외,670000000.0,2025-11-13,제조업소,746.0,198.0,2969002.725278621,329000.0,2023-01-17,208,3,898123.3243967828,1,0
278,경기도,화성만세구,남양읍,경기도 화성만세구 남양읍 신남리 1175,980000000.0,2025-07-29,제조업소,1006.0,316.81,3220347.337462826,437900.0,2022-03-11,315,4,974155.0695825049,1,0
279,경기도,화성만세구,남양읍,경기도 화성만세구 남양읍 장덕리 61,3520000000.0,2025-06-10,제조업소,4422.0,1172.2,2631470.745446322,298000.0,2020-12-21,364,6,796019.9004975124,1,0
280,경기도,화성만세구,남양읍,경기도 화성만세구 남양읍 장덕리 491-17,840000000.0,2025-07-01,제조업소,1329.4,347.0,2088806.6075915683,342200.0,2013-06-04,343,13,631863.9987964495,0,0
282,충청남도,당진시,대덕동,충청남도 당진시  대덕동 705-6,100000000.0,2025-02-05,단독주택,878.0,35.2,376513.1120691278,108200.0,2019-09-20,489,7,113895.21640091116,0,0
283,충청남도,당진시,용연동,충청남도 당진시  용연동 800-5,95000000.0,2025-08-22,단독주택,494.0,585.0,635727.9084551812,77700.0,1979-12-31,291,47,192307.6923076923,0,0
284,충청남도,당진시,대덕동,충청남도 당진시  대덕동 1447,450000000.0,2026-03-16,근린상가,248.8,148.8,5979112.965374293,1166000.0,2009-12-10,85,17,1808681.6720257234,0,0
285,충청남도,당진시,대덕동,"충청남도 당진시  대덕동 633-4, 633-2",230000000.0,2022-12-13,단독주택,736.0,121.04,1033057.8512396695,181900.0,2002-10-21,1274,24,312500.0,0,0
286,충청남도,당진시,대덕동,충청남도 당진시  대덕동 1630,700000000.0,2021-08-23,단독주택,358.2,633.92,6460216.601833779,866700.0,2009-01-07,1751,17,1954215.522054718,0,0
287,서울특별시,서초구,방배동,"서울특별시 서초구 방배동 511-69(토지, 건물)",2980000000.0,2022-03-07,근린주택,281.0,338.32,35057792.41787007,3734000.0,2015-08-24,1555,11,10604982.206405694,0,0
288,서울특별시,서초구,방배동,서울특별시 서초구  방배동 511-65,1935000000.0,2026-02-05,근린주택,250.0,253.51,25586776.859504133,3583000.0,2018-07-05,124,8,7740000.0,0,0
289,서울특별시,서초구,방배동,서울특별시 서초구  방배동 511-16,1342000000.0,2026-01-10,근린주택,261.0,585.0,16997561.82514803,2282000.0,1979-12-31,150,47,5141762.45210728,0,0
290,서울특별시,서초구,방배동,서울특별시 서초구  방배동 2736-10,2200000000.0,2025-11-11,단독주택,308.0,188.92,23612750.885478158,5236000.0,1997-11-28,210,29,7142857.142857143,0,0
292,경기도,안성시,일죽면,경기도 안성시 일죽면 능국리 602-6,450000000.0,2025-08-26,공장,1852.0,745.45,803241.5258019028,157200.0,2004-09-02,287,22,242980.5615550756,0,0
293,경기도,안성시,일죽면,경기도 안성시 일죽면 능국리 402-4외,400000000.0,2025-03-14,공장,2099.0,199.5,629973.3442528713,118000.0,1996-03-19,452,30,190566.93663649357,0,0
294,경기도,이천시,설성면,경기도 이천시 설성면 신필리 3-15외,2300000000.0,2025-04-04,공장,9796.0,1873.94,776164.3308619811,114900.0,2021-07-02,431,5,234789.71008574928,1,0
295,경상북도,구미시,공단동,"경상북도 구미시 공단동 292-48(토지, 건물), 292-20(토지)",2460000000.0,2025-05-13,공장,4276.403666564605,585.0,1901651.9578217466,251700.0,1979-12-31,392,47,575249.7172410784,0,0
296,경상북도,구미시,공단동,경상북도 구미시  공단동 267-86,1400000000.0,2025-11-19,공장,1653.0,1099.59,2799818.011829231,251700.0,2010-03-15,202,16,846944.9485783424,0,0
298,경상북도,구미시,공단동,경상북도 구미시  공단동 305-6,1720000000.0,2025-10-15,공장,1810.0,1081.0,3141409.068079083,226600.0,2011-08-10,237,15,950276.2430939226,0,0
299,경상북도,구미시,공단동,경상북도 구미시  공단동 267-82,2020000000.0,2025-05-02,공장,2302.0,1483.9,2900819.2660352835,222900.0,2011-03-25,403,15,877497.8279756734,0,0
300,경상북도,구미시,공단동,경상북도 구미시  공단동 267-67,1900000000.0,2026-02-12,공장,2424.0,1721.34,2591168.207729864,251700.0,2019-04-11,117,7,783828.3828382838,0,0
314,서울특별시,영등포구,문래동3가,서울특별시 영등포구  문래동3가 58-88,1396000000.0,2025-06-30,근린상가,96.9,92.16,47625139.66003974,4807000.0,1961-12-31,344,65,14406604.747162022,0,0
315,서울특별시,영등포구,문래동3가,서울특별시 영등포구  문래동3가 58-27,1320000000.0,2026-01-28,근린상가,100.2,42.15,43549265.106151335,4807000.0,1970-12-08,132,56,13173652.694610778,0,0
316,서울특별시,영등포구,문래동2가,서울특별시 영등포구  문래동2가 14-61,4000000000.0,2025-11-12,근린상가,251.2,69.95,52639890.50902774,4991000.0,1979-12-31,209,47,15923566.878980892,0,0
317,서울특별시,영등포구,문래동2가,서울특별시 영등포구  문래동2가 44-4,1970000000.0,2025-11-18,근린상가,123.0,58.02,52946314.58711281,5067000.0,1960-08-14,203,66,16016260.162601626,0,0
319,경기도,고양덕양구,관산동,경기도 고양덕양구  관산동 17-10,740000000.0,2025-09-24,근린상가,610.0,198.0,4010296.7077631755,797800.0,1997-06-24,258,29,1213114.7540983607,0,0
320,경기도,고양덕양구,관산동,경기도 고양덕양구  관산동 638,550000000.0,2025-04-02,근린상가,495.0,198.0,3673094.582185491,566500.0,2024-08-14,433,2,1111111.111111111,1,0
321,경기도,고양덕양구,원당동,경기도 고양덕양구  원당동 632-7외,2500000000.0,2025-04-08,근린상가,1197.0,177.2,6904313.124408819,1562000.0,2013-12-10,427,13,2088554.7201336676,0,0
322,경기도,고양덕양구,대자동,경기도 고양덕양구  대자동 824-41외,975000000.0,2024-07-18,근린상가,1096.0,366.8,2940821.620317307,684400.0,2004-12-04,691,22,889598.5401459854,0,0
323,경기도,고양시,덕양구,"경기도 고양시 덕양구 내유동 462-1(토지, 건물), 462-6(토지)",880000000.0,2020-11-04,근린상가,990.0,396.0,2938475.6657483927,549700.0,1996-09-02,2043,30,888888.8888888889,0,0
324,경기도,고양덕양구,내유동,경기도 고양덕양구  내유동 660-4,100000000.0,2024-09-25,근린상가,52.8,39.84,6260956.674179816,1366000.0,2003-10-11,622,23,1893939.393939394,0,0
325,경기도,고양덕양구,내유동,"경기도 고양덕양구  내유동 398-2, 398-3, 398-5",90000000.0,2023-05-10,근린상가,132.0,31.57,2253944.4027047334,599300.0,2001-12-22,1126,25,681818.1818181818,0,0
326,경기도,고양덕양구,내유동,"경기도 고양덕양구  내유동 431-3, 431-25",1770000000.0,2023-03-28,근린상가,495.0,493.57,11820686.200851489,1246000.0,2019-06-03,1169,7,3575757.5757575757,0,0
327,경기도,고양덕양구,내유동,경기도 고양덕양구  내유동 436-17,405000000.0,2024-11-12,단독주택,274.0,134.23,4886288.230681064,950700.0,1986-12-09,574,40,1478102.1897810218,0,0
328,경기도,고양덕양구,내유동,경기도 고양덕양구  내유동 283-22,350000000.0,2026-03-12,근린상가,452.0,585.0,2559789.3659036057,720200.0,1979-12-31,89,47,774336.2831858407,0,0
330,경기도,가평군,상면,경기도 가평군 상면 상동리 89,750000000.0,2024-01-20,숙박시설,953.0,337.61,2601614.735545862,107100.0,2019-05-07,871,7,786988.4575026233,0,0
331,경기도,가평군,상면,경기도 가평군 상면 상동리 89-1외 1필지,700000000.0,2024-01-20,숙박시설,1031.0,300.54,2244470.9862045194,111300.0,2019-05-07,871,7,678952.4733268671,0,0
332,경기도,가평군,상면,"경기도 가평군 상면 원흥리 229-5, 229-1, 229-4, 233-1",800000000.0,2025-01-06,야영장시설,3805.0,226.46,695040.2363136803,129900.0,2011-08-26,519,15,210249.6714848883,0,0
333,경기도,가평군,상면,"경기도 가평군 상면 행현리 313-2, 322-5, 322-6",4200000000.0,2025-02-03,숙박시설,428.0,1256.63,32439947.478180274,108400.0,2012-05-02,491,14,9813084.112149533,0,0
334,경기도,가평군,상면,경기도 가평군 상면 행현리 909-6,1136000000.0,2024-11-20,숙박시설,1278.0,373.74,2938475.6657483927,106700.0,2019-11-04,566,7,888888.8888888889,0,0
335,인천광역시,중구,운북동,"인천광역시 중구 운북동 552-6(토지, 가동 건물), 552-16(토지)",4000000000.0,2023-03-09,근린상가,3672.5,665.28,2866345.4096027566,550300.0,2010-09-01,1188,16,1089176.3104152484,0,0
336,인천광역시,중구,운북동,인천광역시 중구  운북동 26-44,600000000.0,2026-02-20,근린상가,903.0,174.72,2196534.966090991,455400.0,2009-12-11,109,17,664451.827242525,0,0
337,인천광역시,중구,운북동,인천광역시 중구  운북동 516-4외 1필지,1073000000.0,2026-03-05,근린상가,1421.0,272.5,2496205.093607691,626000.0,2011-01-06,96,15,755102.0408163265,0,0
338,인천광역시,중구,운북동,인천광역시 중구  운북동 552-26외 1필지,2130000000.0,2024-07-31,근린상가,3672.5,665.28,1917310.364615272,550300.0,2010-09-01,678,16,579986.3852961198,0,0
339,인천광역시,중구,운북동,인천광역시 중구  운북동 572-26,4000000000.0,2023-07-04,근린상가,6557.0,1188.0,2016644.88270059,554200.0,2018-05-18,1071,8,610035.0770169285,0,0
340,인천광역시,중구,운북동,인천광역시 중구  운북동 572-77외 3필지,2620000000.0,2023-07-27,근린상가,4538.0,748.0,1908584.6242382964,554200.0,2018-05-18,1048,8,577346.8488320846,0,0
342,전북특별자치도,남원시,대산면,전북특별자치도 남원시 대산면 신계리 560,5000000.0,2024-04-22,대지,331.0,585.0,49936.33117774837,14800.0,1979-12-31,778,47,15105.740181268882,0,0
343,전북특별자치도,남원시,대산면,전북특별자치도 남원시 대산면 신계리 381-1,87000000.0,2022-08-06,단독주택,634.0,56.25,453632.97442448576,15100.0,2011-06-16,1403,15,137223.97476340694,0,0
344,전북특별자치도,남원시,대산면,전북특별자치도 남원시 대산면 운교리 490-1,96000000.0,2026-03-09,단독주택,1137.0,117.38,279116.4220763645,20800.0,2005-10-11,92,21,84432.71767810026,0,0
345,전북특별자치도,남원시,대산면,전북특별자치도 남원시 대산면 운교리 806-1,30000000.0,2024-09-05,대지,510.0,585.0,194457.94846864365,16800.0,1979-12-31,642,47,58823.529411764706,0,0
346,전북특별자치도,남원시,대산면,전북특별자치도 남원시 대산면 운교리 564,110000000.0,2024-05-21,단독주택,1501.0,104.82,242262.73393495244,20800.0,1995-09-13,749,31,73284.47701532312,0,0
348,제주특별자치도,제주시,노형동,제주특별자치도 제주시  노형동 3064-1,4500000000.0,2025-08-14,"2종근생, 위험물저장및처리시설",4208.0,884.9,3535178.9586148383,1311000.0,2004-02-23,299,22,1069391.6349809887,0,0
349,제주특별자치도,제주시,노형동,제주특별자치도 제주시  노형동 3652,2191781250.0,2023-06-28,"위험물처리시설, 사무소",1692.0,247.05,4282244.592931246,744200.0,2004-01-20,1077,22,1295378.9893617022,0,0
351,제주특별자치도,제주시,노형동,제주특별자치도 제주시  노형동 913-1,5000000000.0,2022-08-31,위험물저장및처리시설,394.0,49.0,41951587.86760079,2664000.0,1991-10-22,1378,35,12690355.32994924,0,0
