is_premium,is_mid,is_budget,location_score,is_spring,is_active_market,location_size_interaction,price_per_sqm,location_code,unit_price_py,is_modern,land_area_sqm,building_age,is_gangnam,market_activity,location_score_sq,price_per_sqm_sqrt,cluster_id,cluster_avg_price,cluster_price_std,price_quartile,location_quartile,gangnam_modern,location_premium
1,0,0,95.0,0,0,3.6393549999999992,30813953.48837209,1.0,101864309.05246972,0,172.0,37,1,1,9025.0,5551.031839971024,2,5300000000.0,,3,3,0,0.95
1,0,0,70.0,0,0,39.32201,728438.2284382285,0.0,2408060.259299929,0,3432.0,2,0,1,4900.0,853.4865133311882,0,1379386778.982379,1152692162.284876,3,3,0,0.7
0,1,0,70.0,0,1,4.095,1119515.8850226928,0.0,3700878.958752704,0,661.0,47,0,5,4900.0,1058.072249434174,0,1379386778.982379,1152692162.284876,1,1,0,0.0
0,0,1,70.0,0,1,4.095,392857.1428571429,0.0,1298701.298701299,0,336.0,47,0,5,4900.0,626.7839682515363,0,1379386778.982379,1152692162.284876,0,0,0,0.0
1,0,0,70.0,0,1,1.3222999999999998,2122958.693563881,0.0,7018045.267979772,0,1041.0,14,0,5,4900.0,1457.0379863146604,0,1379386778.982379,1152692162.284876,3,3,0,0.7
0,0,1,70.0,0,1,0.4834199999999999,332409.972299169,0.0,1098875.9414848562,0,361.0,42,0,5,4900.0,576.5509277584844,0,1379386778.982379,1152692162.284876,0,0,0,0.0
0,1,0,70.0,0,1,4.095,220622.34971314544,0.0,729330.0816963485,0,8018.0,47,0,5,4900.0,469.7055989799839,0,1379386778.982379,1152692162.284876,2,2,0,0.0
0,1,0,70.0,1,1,4.095,422974.1763134461,0.0,1398261.739879161,0,2246.0,47,0,8,4900.0,650.3654175257523,0,1379386778.982379,1152692162.284876,1,2,0,0.0
1,0,0,70.0,0,1,22.23039,534499.5140913508,0.0,1766940.5424507463,1,6174.0,10,0,8,4900.0,731.0954206472304,0,1379386778.982379,1152692162.284876,3,3,0,0.7
1,0,0,70.0,0,1,38.77538,371461.2743227776,0.0,1227971.1547860417,0,13105.0,32,0,8,4900.0,609.4770498737238,0,1379386778.982379,1152692162.284876,3,3,0,0.7
0,0,1,70.0,0,1,0.75509,153846.15384615384,0.0,508582.326764145,0,390.0,15,0,8,4900.0,392.233545029175,0,1379386778.982379,1152692162.284876,0,0,0,0.0
0,0,1,70.0,0,1,0.59976,240131.57894736843,0.0,793823.401478904,0,304.0,12,0,8,4900.0,490.0332426962159,0,1379386778.982379,1152692162.284876,0,0,0,0.0
0,0,1,70.0,0,1,1.24348,442270.0587084149,0.0,1462049.7808542645,0,511.0,24,0,8,4900.0,665.0346297061642,0,1379386778.982379,1152692162.284876,0,1,0,0.0
0,0,1,70.0,0,1,0.9159499999999998,456953.64238410594,0.0,1510590.5533358874,0,302.0,29,0,8,4900.0,675.9842027622435,0,1379386778.982379,1152692162.284876,0,1,0,0.0
0,0,1,70.0,1,1,1.3076,845070.4225352113,0.0,2793621.23152136,1,355.0,6,0,8,4900.0,919.2776634593116,0,1379386778.982379,1152692162.284876,0,2,0,0.0
0,1,0,70.0,0,0,1.2287799999999998,341186.0276198213,0.0,1127887.6946109794,0,6155.0,29,0,1,4900.0,584.1121704089218,0,1379386778.982379,1152692162.284876,2,2,0,0.0
0,0,1,70.0,0,1,4.095,907317.0731707315,0.0,2999395.2832090305,0,410.0,47,0,7,4900.0,952.5324525551513,0,1379386778.982379,1152692162.284876,0,0,0,0.0
0,1,0,70.0,0,1,4.095,877249.3036211699,0.0,2899997.697921223,0,1436.0,47,0,7,4900.0,936.6164122100199,0,1379386778.982379,1152692162.284876,2,2,0,0.0
0,1,0,70.0,0,1,1.3939799999999998,2483069.9774266365,0.0,8208495.793145906,0,443.0,37,0,7,4900.0,1575.7763094508803,0,1379386778.982379,1152692162.284876,1,1,0,0.0
1,0,0,70.0,1,1,22.80474,618880.4729355256,0.0,2045885.8609438865,1,5413.0,8,0,14,4900.0,786.6902013725133,0,1379386778.982379,1152692162.284876,3,3,0,0.7
0,1,0,70.0,0,1,6.372729999999999,620099.7861724875,0.0,2049916.648504091,0,1403.0,30,0,14,4900.0,787.464784084017,0,1379386778.982379,1152692162.284876,1,0,0,0.0
0,0,1,70.0,0,1,4.095,411522.633744856,0.0,1360405.4008094412,0,243.0,47,0,14,4900.0,641.5010785219741,0,1379386778.982379,1152692162.284876,0,0,0,0.0
0,1,0,70.0,0,1,1.386,352352.3226508764,0.0,1164801.0666144672,1,5392.33,5,0,14,4900.0,593.5935668880487,0,1379386778.982379,1152692162.284876,2,2,0,0.0
0,1,0,70.0,0,1,2.184,1165501.1655011654,0.0,3852896.4148798855,1,858.0,3,0,43,4900.0,1079.584255860174,0,1379386778.982379,1152692162.284876,1,1,0,0.0
0,1,0,70.0,0,1,2.772,822134.3873517787,0.0,2717799.6276091854,1,1265.0,6,0,43,4900.0,906.7168176182565,0,1379386778.982379,1152692162.284876,1,1,0,0.0
0,1,0,70.0,0,1,2.275,993184.0311587148,0.0,3283252.995565999,0,1027.0,47,0,43,4900.0,996.5866902375903,0,1379386778.982379,1152692162.284876,1,1,0,0.0
0,1,0,70.0,0,1,1.386,1057377.049180328,0.0,3495461.3196043894,0,610.0,20,0,43,4900.0,1028.2888938330161,0,1379386778.982379,1152692162.284876,1,0,0,0.0
0,1,0,70.0,1,1,2.60064,1018600.5314437556,0.0,3367274.484111589,0,1129.0,20,0,43,4900.0,1009.2579112614156,0,1379386778.982379,1152692162.284876,2,2,0,0.0
1,0,0,70.0,1,1,4.095,238944.39885972405,0.0,789898.8392056993,0,11821.7,47,0,5,4900.0,488.820415755852,0,1379386778.982379,1152692162.284876,3,1,0,0.7
1,0,0,70.0,0,1,8.10985,792482.1847051509,0.0,2619775.8172071106,1,4181.8,3,0,5,4900.0,890.2152462776353,0,1379386778.982379,1152692162.284876,3,3,0,0.7
1,0,0,70.0,1,1,4.095,479199.1228986113,0.0,1584129.3318962357,0,5746.2,47,0,5,4900.0,692.242820763503,0,1379386778.982379,1152692162.284876,3,0,0,0.7
1,0,0,70.0,1,1,4.095,490228.2948326621,0.0,1620589.4044054947,0,5536.7,47,0,5,4900.0,700.1637628674181,0,1379386778.982379,1152692162.284876,3,0,0,0.7
1,0,0,70.0,1,1,4.095,497408.2499482986,0.0,1644324.793217516,0,6286.1,47,0,5,4900.0,705.2724650433324,0,1379386778.982379,1152692162.284876,3,2,0,0.7
0,1,0,70.0,0,1,13.50265,307967.0140496594,0.0,1018072.7737178822,1,4211.49,3,0,14,4900.0,554.94865893131,0,1379386778.982379,1152692162.284876,2,1,0,0.0
1,0,0,70.0,0,1,6.92902,762496.4699237504,0.0,2520649.487351241,1,3541.0,3,0,14,4900.0,873.2110111100011,0,1379386778.982379,1152692162.284876,3,3,0,0.7
1,0,0,70.0,0,1,9.5928,741404.5425533972,0.0,2450924.1076145363,1,3102.22,5,0,14,4900.0,861.0490941597914,0,1379386778.982379,1152692162.284876,3,3,0,0.7
1,0,0,70.0,1,1,6.97774,914775.2558967512,0.0,3024050.432716533,0,2741.34,13,0,14,4900.0,956.4393634186912,0,1379386778.982379,1152692162.284876,3,3,0,0.7
0,1,0,70.0,0,1,9.62374,943704.2823993344,0.0,3119683.578179618,0,2150.4299999999994,14,0,14,4900.0,971.4449456347664,0,1379386778.982379,1152692162.284876,2,2,0,0.0
1,0,0,70.0,0,0,29.735579999999995,530607.1914961354,0.0,1754073.3603178032,0,5653.9,12,0,3,4900.0,728.4285767981206,0,1379386778.982379,1152692162.284876,3,3,0,0.7
0,1,0,70.0,1,0,16.2988,292226.7679719462,0.0,966038.9023865992,0,3422.0,22,0,3,4900.0,540.5809541335564,0,1379386778.982379,1152692162.284876,1,1,0,0.0
0,1,0,70.0,0,0,4.095,378126.8179173938,0.0,1250006.0096442772,0,1719.0,47,0,3,4900.0,614.9209851008451,0,1379386778.982379,1152692162.284876,1,1,0,0.0
1,0,0,70.0,0,1,9.857819999999998,1356174.1613133478,0.0,4483220.367978009,0,2381.7,13,0,6,4900.0,1164.5493382907173,0,1379386778.982379,1152692162.284876,3,1,0,0.7
1,0,0,70.0,0,1,14.546,1519978.5053544696,0.0,5024722.331750313,0,2605.3,15,0,6,4900.0,1232.8744888894691,0,1379386778.982379,1152692162.284876,3,3,0,0.7
1,0,0,70.0,0,1,7.70336,1641624.3654822337,0.0,5426857.406552838,1,1970.0,6,0,6,4900.0,1281.2592889350046,0,1379386778.982379,1152692162.284876,3,2,0,0.7
1,0,0,70.0,0,1,13.780829999999998,1792997.617413076,0.0,5927264.850952317,0,2476.3,15,0,6,4900.0,1339.0289830369902,0,1379386778.982379,1152692162.284876,3,3,0,0.7
1,0,0,70.0,0,1,21.80094,1649928.2639885223,0.0,5454308.310705859,0,1951.6,15,0,6,4900.0,1284.4957236162845,0,1379386778.982379,1152692162.284876,3,0,0,0.7
1,0,0,70.0,0,1,8.29402,1671641.791044776,0.0,5526088.565437277,0,1675.0,15,0,6,4900.0,1292.920257032419,0,1379386778.982379,1152692162.284876,3,0,0,0.7
0,0,1,70.0,0,0,4.095,4442581.7267393125,0.0,14686220.58426219,0,11.93,47,0,4,4900.0,2107.7435154067757,0,1379386778.982379,1152692162.284876,0,0,0,0.0
0,1,0,70.0,0,0,1.7098199999999997,5091649.694501018,0.0,16831899.81653229,0,196.4,40,0,4,4900.0,2256.4686336178083,3,3302055555.5555553,1453283533.1681764,1,1,0,0.0
1,0,0,70.0,1,0,5.446279999999999,11786556.603773586,0.0,38963823.48354904,0,254.4,38,0,4,4900.0,3433.155633491378,3,3302055555.5555553,1453283533.1681764,3,2,0,0.7
1,0,0,70.0,0,0,4.095,7391304.347826087,0.0,24434063.95975566,0,690.0,47,0,4,4900.0,2718.695523192343,3,3302055555.5555553,1453283533.1681764,3,3,0,0.7
0,1,0,70.0,0,1,6.74884,988142.2924901184,0.0,3266586.090876425,0,1012.0,11,0,43,4900.0,994.0539686003565,0,1379386778.982379,1152692162.284876,1,1,0,0.0
0,1,0,70.0,0,1,2.15677,1472772.2772277228,0.0,4868668.685050324,0,808.0,2,0,43,4900.0,1213.5787066472956,0,1379386778.982379,1152692162.284876,2,2,0,0.0
0,0,1,70.0,1,1,4.095,151344.31916738942,0.0,500311.7989004608,0,1153.0,47,0,43,4900.0,389.0312573140999,0,1379386778.982379,1152692162.284876,0,0,0,0.0
0,1,0,70.0,1,1,4.41,771146.8604047743,0.0,2549245.8195199147,0,1927.0,1,0,43,4900.0,878.1502493336629,0,1379386778.982379,1152692162.284876,2,2,0,0.0
0,1,0,70.0,1,1,4.704,816908.9929994615,0.0,2700525.596692435,0,1857.0,2,0,43,4900.0,903.8307324933477,0,1379386778.982379,1152692162.284876,2,2,0,0.0
1,0,0,70.0,0,1,12.348,853758.1699346405,0.0,2822341.0576351755,1,4896.0,9,0,6,4900.0,923.9908927768934,0,1379386778.982379,1152692162.284876,3,3,0,0.7
1,0,0,70.0,0,1,7.14406,766367.4184366105,0.0,2533446.011360696,0,3653.6,19,0,6,4900.0,875.4247074629608,0,1379386778.982379,1152692162.284876,3,2,0,0.7
1,0,0,70.0,0,1,6.797,967519.004837595,0.0,3198409.9333474217,1,2894.0,4,0,6,4900.0,983.625947623178,0,1379386778.982379,1152692162.284876,3,2,0,0.7
0,1,0,70.0,0,1,14.133,559688.640903768,0.0,1850210.383152952,0,2322.72,15,0,6,4900.0,748.12408122167,0,1379386778.982379,1152692162.284876,2,1,0,0.0
0,1,0,70.0,0,1,4.095,1058744.318181818,0.0,3499981.2171299774,0,704.0,47,0,6,4900.0,1028.9535063266064,0,1379386778.982379,1152692162.284876,1,0,0,0.0
0,0,1,70.0,1,1,1.3197799999999995,958646.6165413534,0.0,3169079.724103648,0,532.0,18,0,6,4900.0,979.1055185940652,0,1379386778.982379,1152692162.284876,0,0,0,0.0
0,0,1,70.0,0,1,11.659199999999998,160478.2882315922,0.0,530506.7379556766,0,3178.0,13,0,10,4900.0,400.5986622938127,0,1379386778.982379,1152692162.284876,0,0,0,0.0
1,0,0,70.0,0,1,8.951039999999999,1119570.0850873264,0.0,3701058.132520088,0,2233.0,14,0,10,4900.0,1058.0978617724006,0,1379386778.982379,1152692162.284876,3,3,0,0.7
0,1,0,70.0,0,1,2.90178,903396.771862202,0.0,2986435.6094618244,0,664.16,17,0,10,4900.0,950.47239405582,0,1379386778.982379,1152692162.284876,1,0,0,0.0
0,0,1,70.0,0,1,3.02022,853501.5261764579,0.0,2821492.648517216,0,691.27,17,0,10,4900.0,923.8520044771553,0,1379386778.982379,1152692162.284876,0,0,0,0.0
0,1,0,70.0,0,1,9.44951,755232.0291173795,0.0,2496634.8069996014,0,2198.0,19,0,10,4900.0,869.0414426926828,0,1379386778.982379,1152692162.284876,2,1,0,0.0
1,0,0,70.0,1,1,11.1104,1745195.2882827031,0.0,5769240.622422159,0,1613.0,17,0,5,4900.0,1321.0587754837795,0,1379386778.982379,1152692162.284876,3,2,0,0.7
0,1,0,70.0,0,1,1.38915,984205.669128508,0.0,3253572.4599289526,0,677.0,1,0,5,4900.0,992.0719072368232,0,1379386778.982379,1152692162.284876,1,0,0,0.0
0,1,0,70.0,0,1,2.772,866336.6336633663,0.0,2863922.755911955,1,1616.0,3,0,5,4900.0,930.7726004042912,0,1379386778.982379,1152692162.284876,2,3,0,0.0
0,0,1,70.0,0,1,1.1655,976361.7677286742,0.0,3227642.2073675185,1,486.5,7,0,5,4900.0,988.1107062109357,0,1379386778.982379,1152692162.284876,0,0,0,0.0
0,1,0,70.0,0,1,1.386,1147058.8235294118,0.0,3791929.995138552,0,646.0,2,0,5,4900.0,1071.0087877928042,0,1379386778.982379,1152692162.284876,1,1,0,0.0
0,1,0,70.0,0,1,1.82567,1049304.6776232617,0.0,3468775.7937959065,0,791.0,11,0,5,4900.0,1024.3562259405962,0,1379386778.982379,1152692162.284876,1,2,0,0.0
0,1,0,70.0,0,1,5.495419999999999,907894.7368421052,0.0,3001304.9151805136,1,1672.0,8,0,43,4900.0,952.8356294986587,0,1379386778.982379,1152692162.284876,2,2,0,0.0
0,1,0,70.0,0,1,11.21204,752501.0874293171,0.0,2487606.900592784,0,2299.0,17,0,43,4900.0,867.4687818182953,0,1379386778.982379,1152692162.284876,2,2,0,0.0
0,0,1,70.0,0,1,2.04232,247772.8285077951,0.0,819083.7306042814,0,1796.0,20,0,43,4900.0,497.76885047961275,0,1379386778.982379,1152692162.284876,0,0,0,0.0
0,1,0,70.0,1,1,3.3154799999999995,965352.688024285,0.0,3191248.555452181,0,1600.99,2,0,43,4900.0,982.5241411915969,0,1379386778.982379,1152692162.284876,2,2,0,0.0
0,1,0,70.0,0,1,2.06703,1047443.0067775724,0.0,3462621.510008504,1,811.5,9,0,43,4900.0,1023.4471196781847,0,1379386778.982379,1152692162.284876,1,1,0,0.0
1,0,0,70.0,0,1,21.40411,181795.52351739275,0.0,600976.9372475792,0,15401.91939727338,32,0,5,4900.0,426.37603534602266,0,1379386778.982379,1152692162.284876,3,3,0,0.7
0,0,1,70.0,1,1,4.095,111820.65596650384,0.0,369655.0610462937,0,1433.0,47,0,5,4900.0,334.3974520933194,0,1379386778.982379,1152692162.284876,0,0,0,0.0
0,0,1,70.0,1,1,4.095,111819.71830985916,0.0,369651.9613549063,0,710.0,47,0,5,4900.0,334.39605008112636,0,1379386778.982379,1152692162.284876,0,0,0,0.0
0,0,1,70.0,1,1,4.095,111820.83122149012,0.0,369655.6404016202,0,3946.0,47,0,5,4900.0,334.3977141391522,0,1379386778.982379,1152692162.284876,0,1,0,0.0
0,1,0,70.0,0,1,5.465319999999999,294579.7329143755,0.0,973817.2988904977,0,2036.8,17,0,5,4900.0,542.7529206870981,0,1379386778.982379,1152692162.284876,1,2,0,0.0
1,0,0,70.0,0,1,7.77,937411.4981591617,0.0,3098880.985650121,1,3531.0,4,0,43,4900.0,968.2006497411379,0,1379386778.982379,1152692162.284876,3,3,0,0.7
0,1,0,70.0,1,1,3.44855,2762096.7741935486,0.0,9130898.427086111,1,248.0,3,0,43,4900.0,1661.9560085012927,0,1379386778.982379,1152692162.284876,1,0,0,0.0
0,0,1,70.0,0,1,1.386,845697.3293768546,0.0,2795693.650832577,1,674.0,5,0,43,4900.0,919.6185782034063,0,1379386778.982379,1152692162.284876,0,0,0,0.0
0,1,0,70.0,1,1,6.846839999999999,742352.7894882845,0.0,2454058.808225734,0,2559.43,19,0,43,4900.0,861.5995528598448,0,1379386778.982379,1152692162.284876,2,3,0,0.0
0,0,1,70.0,0,1,16.03896,148230.96146258057,0.0,490019.707314316,1,3801.5,3,0,5,4900.0,385.0090407543446,0,1379386778.982379,1152692162.284876,0,0,0,0.0
0,1,0,70.0,0,1,4.095,170589.983200336,0.0,563933.8287614413,0,3809.6,47,0,5,4900.0,413.0266131865306,0,1379386778.982379,1152692162.284876,1,3,0,0.0
0,0,1,70.0,0,1,4.095,179838.35978835978,0.0,594506.9745069746,0,774.9,47,0,5,4900.0,424.0747101494733,0,1379386778.982379,1152692162.284876,0,0,0,0.0
0,1,0,70.0,1,1,4.095,144299.87094395282,0.0,477024.3667568688,0,4339.2,47,0,5,4900.0,379.8695446386204,0,1379386778.982379,1152692162.284876,1,1,0,0.0
0,1,0,70.0,1,1,4.095,174838.410559904,0.0,577978.2167269555,0,3666.7,47,0,5,4900.0,418.13802811978724,0,1379386778.982379,1152692162.284876,1,2,0,0.0
1,0,0,70.0,0,1,6.8922,874824.4970040149,0.0,2891981.808277735,0,2914.8703639791847,16,0,5,4900.0,935.3210662676292,0,1379386778.982379,1152692162.284876,3,1,0,0.7
0,1,0,70.0,0,1,2.24875,712563.0344222758,0.0,2355580.279081904,1,912.2,8,0,43,4900.0,844.1350806726823,0,1379386778.982379,1152692162.284876,1,0,0,0.0
0,1,0,70.0,0,1,4.095,559060.8950843727,0.0,1848135.1903615629,1,1363.0,3,0,43,4900.0,747.7044169218026,0,1379386778.982379,1152692162.284876,1,0,0,0.0
1,0,0,70.0,0,1,8.62806,1091492.7768860352,0.0,3608240.584747224,0,3115.0,11,0,43,4900.0,1044.745795342597,0,1379386778.982379,1152692162.284876,3,3,0,0.7
0,1,0,70.0,0,1,2.94,679435.2159468438,0.0,2246066.829576344,1,3010.0,4,0,43,4900.0,824.2792099445696,0,1379386778.982379,1152692162.284876,2,3,0,0.0
0,1,0,70.0,0,1,1.386,762769.5800227015,0.0,2521552.3306535585,0,881.0,2,0,43,4900.0,873.3673797564811,0,1379386778.982379,1152692162.284876,1,0,0,0.0
0,0,1,70.0,0,0,4.18516,769230.7692307692,0.0,2542911.6338207247,0,403.0,26,0,4,4900.0,877.0585893945565,0,1379386778.982379,1152692162.284876,0,0,0,0.0
1,0,0,70.0,0,0,20.07082,2101653.892698669,0.0,6947616.174210476,0,1983.2,31,0,4,4900.0,1449.7085543993555,0,1379386778.982379,1152692162.284876,3,3,0,0.7
0,1,0,70.0,0,0,6.97704,1324744.132701422,0.0,4379319.446946849,0,1582.5,33,0,4,4900.0,1150.975730717821,0,1379386778.982379,1152692162.284876,2,2,0,0.0
0,1,0,70.0,0,0,6.65322,1904601.2509523083,0.0,6296202.482486971,0,656.3,35,0,4,4900.0,1380.0732773850482,0,1379386778.982379,1152692162.284876,2,1,0,0.0
0,0,1,70.0,0,1,6.1425,93744.84238323156,0.0,309900.3053991126,0,3029.5,14,0,14,4900.0,306.17942841286964,0,1379386778.982379,1152692162.284876,0,0,0,0.0
0,1,0,70.0,0,1,3.8402,539656.5821749796,0.0,1783988.7014048912,0,1223.0,12,0,14,4900.0,734.6139000692674,0,1379386778.982379,1152692162.284876,1,0,0,0.0
0,1,0,70.0,0,1,14.365049999999998,481838.0743982495,0.0,1592853.1385066097,1,2742.0,10,0,14,4900.0,694.1462917845557,0,1379386778.982379,1152692162.284876,2,2,0,0.0
0,1,0,70.0,0,1,4.095,222666.66666666663,0.0,736088.1542699725,0,3375.0,47,0,5,4900.0,471.8767494448806,0,1379386778.982379,1152692162.284876,1,1,0,0.0
0,0,1,70.0,0,1,0.924,321862.3481781377,0.0,1064007.7625723558,0,741.0,11,0,5,4900.0,567.3300169902327,0,1379386778.982379,1152692162.284876,0,0,0,0.0
0,0,1,70.0,0,1,10.57525,78296.7032967033,0.0,258832.0770138952,0,7280.0,25,0,5,4900.0,279.8172676885815,0,1379386778.982379,1152692162.284876,0,0,0,0.0
0,1,0,70.0,1,1,4.979099999999999,437428.6801065044,0.0,1446045.2234925765,0,2629.0,14,0,5,4900.0,661.3846687870112,0,1379386778.982379,1152692162.284876,2,3,0,0.0
0,1,0,70.0,0,1,3.83775,188701.4978181389,0.0,623806.604357484,0,4239.5,22,0,5,4900.0,434.3990076164296,0,1379386778.982379,1152692162.284876,1,2,0,0.0
0,1,0,70.0,1,1,6.80435,982102.4868123588,0.0,3246619.791115235,0,1327.0,46,0,5,4900.0,991.0113454508777,0,1379386778.982379,1152692162.284876,2,1,0,0.0
0,1,0,70.0,0,1,4.30892,1277584.204413473,0.0,4223418.857565199,0,861.0,26,0,5,4900.0,1130.3031471306592,0,1379386778.982379,1152692162.284876,1,0,0,0.0
0,1,0,70.0,0,1,3.48229,1614349.7757847533,0.0,5336693.473668606,0,1338.0,45,0,5,4900.0,1270.5710431867842,0,1379386778.982379,1152692162.284876,2,3,0,0.0
0,1,0,70.0,0,1,2.57103,867069.4864048338,0.0,2866345.4096027566,0,1655.0,46,0,5,4900.0,931.1661969835642,0,1379386778.982379,1152692162.284876,2,2,0,0.0
0,1,0,70.0,0,1,2.88736,920245.3987730062,0.0,3042133.5496628303,0,815.0,41,0,5,4900.0,959.2947403030031,0,1379386778.982379,1152692162.284876,1,0,0,0.0
0,1,0,70.0,1,1,4.158,910118.7111362352,0.0,3008656.896318133,0,1769.0,36,0,10,4900.0,954.0019450379727,0,1379386778.982379,1152692162.284876,2,1,0,0.0
1,0,0,70.0,0,1,1.386,1144153.2258064516,0.0,3782324.7134097577,0,1984.0,11,0,10,4900.0,1069.651450616719,0,1379386778.982379,1152692162.284876,3,3,0,0.7
0,1,0,70.0,1,1,5.45944,1303735.0246652572,0.0,4309867.850133082,0,1419.0,21,0,10,4900.0,1141.8126048810536,0,1379386778.982379,1152692162.284876,2,2,0,0.0
0,1,0,70.0,0,1,3.34292,1221532.0910973086,0.0,4038122.6151977135,0,966.0,18,0,10,4900.0,1105.2298815618897,0,1379386778.982379,1152692162.284876,2,0,0,0.0
0,1,0,70.0,0,1,2.6593,3302458.279595107,0.0,10917217.453206964,0,255.87,1,0,10,4900.0,1817.2669808245312,0,1379386778.982379,1152692162.284876,1,0,0,0.0
0,1,0,70.0,0,1,2.62248,1130573.2484076433,0.0,3737432.2261409694,0,1256.0,25,0,10,4900.0,1063.284650696907,0,1379386778.982379,1152692162.284876,2,1,0,0.0
0,1,0,70.0,0,0,5.207999999999999,908634.5381526104,0.0,3003750.539347472,0,1992.0,11,0,1,4900.0,953.2237607994308,0,1379386778.982379,1152692162.284876,2,2,0,0.0
0,1,0,70.0,0,0,6.257999999999999,872600.3490401396,0.0,2884629.253025255,0,1719.0,11,0,1,4900.0,934.1313339355123,0,1379386778.982379,1152692162.284876,2,2,0,0.0
0,1,0,70.0,0,1,6.93,761820.5988671727,0.0,2518415.2028666874,1,2625.29,8,0,5,4900.0,872.8239220296226,0,1379386778.982379,1152692162.284876,2,0,0,0.0
0,1,0,70.0,0,1,4.095,857952.2460542291,0.0,2836205.7720800964,1,2471.0,3,0,43,4900.0,926.2576564078859,0,1379386778.982379,1152692162.284876,2,3,0,0.0
0,1,0,70.0,0,1,7.26523,622083.9813374806,0.0,2056475.971363572,0,2572.0,19,0,43,4900.0,788.7236406609609,0,1379386778.982379,1152692162.284876,2,2,0,0.0
0,1,0,70.0,0,1,6.74884,988142.2924901184,0.0,3266586.090876425,0,1012.0,11,0,43,4900.0,994.0539686003565,0,1379386778.982379,1152692162.284876,1,1,0,0.0
0,1,0,70.0,1,1,1.848,990308.183906832,0.0,3273746.062501924,1,757.3399999999999,10,0,43,4900.0,995.1427957367887,0,1379386778.982379,1152692162.284876,1,0,0,0.0
0,1,0,70.0,0,1,6.93,959595.9595959596,0.0,3172218.048251106,0,990.0,34,0,43,4900.0,979.590199826417,0,1379386778.982379,1152692162.284876,1,1,0,0.0
0,1,0,70.0,0,1,7.29953,787878.7878787878,0.0,2604557.976458803,0,1650.0,12,0,6,4900.0,887.6259278991279,0,1379386778.982379,1152692162.284876,2,3,0,0.0
0,1,0,70.0,0,1,4.095,235854.6053405481,0.0,779684.6457538782,0,3400.4,47,0,6,4900.0,485.6496734690018,0,1379386778.982379,1152692162.284876,1,2,0,0.0
0,0,1,70.0,1,1,4.095,241319.2116905752,0.0,797749.4601341328,0,2237.7,47,0,6,4900.0,491.2435360293051,0,1379386778.982379,1152692162.284876,0,0,0,0.0
0,0,1,70.0,0,1,2.401,337154.4167228591,0.0,1114560.0552821788,0,1483.0,24,0,6,4900.0,580.6508561285854,0,1379386778.982379,1152692162.284876,0,0,0,0.0
0,1,0,70.0,0,1,3.6021300000000003,453172.2054380665,0.0,1498089.9353324512,0,1655.0,30,0,6,4900.0,673.1814060400558,0,1379386778.982379,1152692162.284876,1,1,0,0.0
1,0,0,70.0,0,1,13.24771,597080.9376382132,0.0,1973821.2814486388,0,4522.0,31,0,6,4900.0,772.7107723063094,0,1379386778.982379,1152692162.284876,3,3,0,0.7
0,0,1,70.0,0,1,1.7206,604594.9214026602,0.0,1998660.8971988768,0,827.0,31,0,5,4900.0,777.5576643585093,0,1379386778.982379,1152692162.284876,0,0,0,0.0
0,1,0,70.0,0,1,5.6616,286115.6291586574,0.0,945836.790607132,0,6763.0,22,0,5,4900.0,534.8987092512539,0,1379386778.982379,1152692162.284876,2,3,0,0.0
0,0,1,70.0,0,1,0.938,453781.512605042,0.0,1500104.1739009651,0,952.0,19,0,5,4900.0,673.6338119520442,0,1379386778.982379,1152692162.284876,0,0,0,0.0
0,1,0,70.0,1,1,1.36675,752688.1720430107,0.0,2488225.362125655,0,1395.0,17,0,5,4900.0,867.5766087458852,0,1379386778.982379,1152692162.284876,1,1,0,0.0
0,1,0,70.0,0,1,2.09377,690664.047151277,0.0,2283186.9327314943,0,1527.0,27,0,5,4900.0,831.0626012228423,0,1379386778.982379,1152692162.284876,1,2,0,0.0
0,1,0,70.0,0,0,1.617,997045.790251108,0.0,3296019.141325976,0,677.0,35,0,4,4900.0,998.5223033318324,0,1379386778.982379,1152692162.284876,1,1,0,0.0
0,1,0,70.0,0,0,2.73665,838383.8383838384,0.0,2771516.821103597,0,990.0,16,0,4,4900.0,915.6335721148708,0,1379386778.982379,1152692162.284876,1,2,0,0.0
1,0,0,70.0,0,0,14.72093,497504.9244480454,0.0,1644644.3783406457,0,4937.0,31,0,4,4900.0,705.3409987006606,0,1379386778.982379,1152692162.284876,3,3,0,0.7
0,0,1,70.0,0,0,4.095,436568.8292220114,0.0,1443202.7412297898,0,527.0,47,0,4,4900.0,660.7343106135864,0,1379386778.982379,1152692162.284876,0,0,0,0.0
1,0,0,70.0,0,1,22.62554,521444.0690800012,0.0,1723782.0465454587,1,6867.4,4,0,5,4900.0,722.1115350692033,0,1379386778.982379,1152692162.284876,3,3,0,0.7
1,0,0,70.0,0,1,7.558529999999999,1356775.3971394652,0.0,4485207.924427984,1,1768.9,5,0,43,4900.0,1164.8074506713397,0,1379386778.982379,1152692162.284876,3,3,0,0.7
1,0,0,70.0,0,1,4.095,664987.1103820014,0.0,2198304.497130583,0,3413.6,47,0,43,4900.0,815.4680314898932,0,1379386778.982379,1152692162.284876,3,3,0,0.7
0,1,0,70.0,1,1,4.095,604711.8865349238,0.0,1999047.5587931368,0,3370.2,47,0,43,4900.0,777.632873877464,0,1379386778.982379,1152692162.284876,2,3,0,0.0
1,0,0,70.0,0,1,17.949189999999998,1432366.2690765143,0.0,4735095.104385171,1,3839.8,8,0,43,4900.0,1196.8154699353256,0,1379386778.982379,1152692162.284876,3,3,0,0.7
0,1,0,70.0,1,1,3.8556,1471657.554091313,0.0,4864983.6498886375,1,641.9699999999999,9,0,14,4900.0,1213.1193486591965,0,1379386778.982379,1152692162.284876,1,1,0,0.0
0,1,0,70.0,0,1,5.570319999999999,1247401.2474012475,0.0,4123640.487276851,0,962.0,18,0,14,4900.0,1116.8716342540208,0,1379386778.982379,1152692162.284876,2,1,0,0.0
0,1,0,70.0,0,1,20.78811,1462678.1164480513,0.0,4835299.558505954,0,1059.7,28,0,6,4900.0,1209.4127155144563,0,1379386778.982379,1152692162.284876,2,2,0,0.0
1,0,0,70.0,1,0,9.64642,6407942.238267148,0.0,21183280.12650297,1,554.0,5,0,1,4900.0,2531.391561625176,3,3302055555.5555553,1453283533.1681764,3,3,0,0.7
0,0,1,70.0,0,1,4.96727,1404234.5525800132,0.0,4642097.694479383,1,306.2,4,0,5,4900.0,1185.0044525570413,0,1379386778.982379,1152692162.284876,0,0,0,0.0
0,1,0,70.0,0,1,3.73695,3200000.0,0.0,10578512.396694217,1,375.0,5,0,43,4900.0,1788.8546615083071,0,1379386778.982379,1152692162.284876,2,2,0,0.0
0,0,1,70.0,0,1,0.56,1912568.306010929,0.0,6322539.854581583,0,219.6,11,0,43,4900.0,1382.9567260080587,0,1379386778.982379,1152692162.284876,0,0,0,0.0
0,1,0,70.0,0,1,3.36763,2059755.5454957,0.0,6809109.241308098,0,441.8,15,0,43,4900.0,1435.1851955394816,0,1379386778.982379,1152692162.284876,1,1,0,0.0
0,1,0,70.0,1,1,3.46472,5421476.040573628,0.0,17922234.844871495,1,285.9,7,0,43,4900.0,2328.406545381117,3,3302055555.5555553,1453283533.1681764,2,2,0,0.0
0,1,0,70.0,0,1,2.97381,3099965.168930686,0.0,10247818.74026673,0,287.1,11,0,43,4900.0,1760.6720787615977,0,1379386778.982379,1152692162.284876,1,1,0,0.0
1,0,0,85.0,0,0,2.334865,20723684.21052632,9.0,68508046.9769465,0,152.0,37,0,3,7225.0,4552.327449835559,1,2446571428.571429,1242224732.3710334,3,3,0,0.85
0,1,0,85.0,0,0,0.90882,15542168.674698794,9.0,51379069.99900428,0,83.0,14,0,3,7225.0,3942.3558533824407,1,2446571428.571429,1242224732.3710334,2,2,0,0.0
1,0,0,85.0,0,0,3.218355,13888888.888888888,9.0,45913682.27731864,0,288.0,47,0,3,7225.0,3726.7800966637255,1,2446571428.571429,1242224732.3710334,3,3,0,0.85
0,1,0,70.0,0,0,6.35754,1545706.3711911358,0.0,5109773.127904581,1,1083.0,5,0,3,4900.0,1243.2648033267635,0,1379386778.982379,1152692162.284876,2,2,0,0.0
0,1,0,70.0,0,0,3.21286,1118495.8734597208,0.0,3697507.019701556,1,958.43,8,0,3,4900.0,1057.5901254549046,0,1379386778.982379,1152692162.284876,1,1,0,0.0
1,0,0,70.0,0,0,5.50123,13888888.888888888,0.0,45913682.27731864,0,288.0,47,0,3,4900.0,3726.7800966637255,3,3302055555.5555553,1453283533.1681764,3,3,0,0.7
0,1,0,70.0,0,1,1.82224,595299.671785805,0.0,1967932.7992919176,0,1063.33,12,0,10,4900.0,771.5573029826139,0,1379386778.982379,1152692162.284876,1,2,0,0.0
0,1,0,70.0,0,1,1.82224,595299.671785805,0.0,1967932.7992919176,0,1063.33,12,0,10,4900.0,771.5573029826139,0,1379386778.982379,1152692162.284876,1,2,0,0.0
0,1,0,70.0,0,0,4.095,2268764.187327824,0.0,7500046.900257268,0,363.0,47,0,4,4900.0,1506.2420746107925,0,1379386778.982379,1152692162.284876,1,2,0,0.0
0,0,1,70.0,1,0,4.095,116402.1164021164,0.0,384800.3848003848,0,472.5,47,0,4,4900.0,341.1790093222565,0,1379386778.982379,1152692162.284876,0,0,0,0.0
0,1,0,70.0,0,0,4.095,2268724.0188825475,0.0,7499914.112008422,0,425.79,47,0,4,4900.0,1506.2287405578702,0,1379386778.982379,1152692162.284876,1,3,0,0.0
0,0,1,70.0,1,0,4.095,116402.1164021164,0.0,384800.3848003848,0,945.0,47,0,4,4900.0,341.1790093222565,0,1379386778.982379,1152692162.284876,0,1,0,0.0
0,0,1,70.0,0,1,4.095,30008.61866332367,0.0,99202.04516801212,0,12763.0,47,0,10,4900.0,173.23284522088665,0,1379386778.982379,1152692162.284876,0,1,0,0.0
0,0,1,70.0,1,1,4.095,40677.96610169492,0.0,134472.6152122146,0,1475.0,47,0,10,4900.0,201.69027269973859,0,1379386778.982379,1152692162.284876,0,0,0,0.0
0,0,1,70.0,0,1,4.095,203508.7719298245,0.0,672756.2708423953,0,285.0,47,0,10,4900.0,451.1205736051333,0,1379386778.982379,1152692162.284876,0,0,0,0.0
0,0,1,70.0,0,1,4.095,18813.21534311777,0.0,62192.44741526536,0,8504.66,47,0,10,4900.0,137.16492023515985,0,1379386778.982379,1152692162.284876,0,0,0,0.0
0,0,1,70.0,0,1,4.095,81237.91102514506,0.0,268555.0777690746,0,5170.0,47,0,10,4900.0,285.0244042624158,0,1379386778.982379,1152692162.284876,0,1,0,0.0
0,1,0,70.0,0,1,2.7636000000000003,4761904.761904762,0.0,15741833.923652103,0,394.8,34,0,10,4900.0,2182.1791314886964,0,1379386778.982379,1152692162.284876,2,2,0,0.0
0,1,0,70.0,0,1,3.31856,2179487.1794871795,0.0,7204916.295825387,1,936.0,4,0,10,4900.0,1476.308971552764,0,1379386778.982379,1152692162.284876,2,3,0,0.0
1,0,0,70.0,0,1,10.3194,2985313.751668892,0.0,9868805.790640963,0,1498.0,32,0,10,4900.0,1727.806340904238,0,1379386778.982379,1152692162.284876,3,3,0,0.7
0,0,1,70.0,0,1,4.095,152648.45061822623,0.0,504622.9772503345,0,262.04,47,0,10,4900.0,390.7037888454964,0,1379386778.982379,1152692162.284876,0,0,0,0.0
0,1,0,70.0,0,1,3.38849,2010285.1799906497,0.0,6645570.842944297,1,427.8,10,0,6,4900.0,1417.845612184433,0,1379386778.982379,1152692162.284876,1,1,0,0.0
0,0,1,70.0,1,1,1.4889,737858.9743589744,0.0,2439203.221021403,0,468.0,28,0,6,4900.0,858.9877614721728,0,1379386778.982379,1152692162.284876,0,0,0,0.0
0,1,0,70.0,1,1,6.54556,1903695.4087346024,0.0,6293207.962759017,0,893.0,26,0,6,4900.0,1379.7450520783186,0,1379386778.982379,1152692162.284876,2,3,0,0.0
0,1,0,70.0,1,1,2.9064,1260835.3033884948,0.0,4168050.5897140326,1,1269.0,3,0,6,4900.0,1122.8696733764318,0,1379386778.982379,1152692162.284876,2,3,0,0.0
0,0,1,70.0,0,1,4.095,252100.84033613445,0.0,833391.2077227585,0,595.0,47,0,6,4900.0,502.0974410770627,0,1379386778.982379,1152692162.284876,0,0,0,0.0
0,1,0,70.0,0,1,3.4552,3891708.9678511,0.0,12865153.612730907,0,236.4,31,0,7,4900.0,1972.7417387613361,0,1379386778.982379,1152692162.284876,1,1,0,0.0
1,0,0,70.0,0,1,10.06698,6030673.251884585,0.0,19936109.923585407,0,384.7,29,0,7,4900.0,2455.7431160210112,3,3302055555.5555553,1453283533.1681764,3,3,0,0.7
0,0,1,70.0,0,1,3.2503799999999994,3210010.881392818,0.0,10611606.21948039,0,183.8,34,0,7,4900.0,1791.6506024872199,0,1379386778.982379,1152692162.284876,0,0,0,0.0
0,1,0,70.0,0,1,10.2263,2479815.4555940023,0.0,8197737.043285958,0,520.2,36,0,7,4900.0,1574.7432983169042,0,1379386778.982379,1152692162.284876,2,3,0,0.0
1,0,0,70.0,0,0,2.1714,1002425.2223120452,0.0,3313802.387808414,0,4329.5,14,0,4,4900.0,1001.2123762279635,0,1379386778.982379,1152692162.284876,3,2,0,0.7
1,0,0,70.0,0,0,4.095,1278285.4656222805,0.0,4225737.076437289,0,3676.8,47,0,4,4900.0,1130.6133139240314,0,1379386778.982379,1152692162.284876,3,3,0,0.7
0,0,1,70.0,0,0,0.99036,825335.8925143954,0.0,2728383.1157500674,0,521.0,19,0,4,4900.0,908.4805405259902,0,1379386778.982379,1152692162.284876,0,1,0,0.0
0,0,1,70.0,0,0,0.3289999999999999,670826.8330733229,0.0,2217609.365531646,0,641.0,23,0,4,4900.0,819.0408006157709,0,1379386778.982379,1152692162.284876,0,1,0,0.0
1,0,0,70.0,0,1,4.9,731231.7192070198,0.0,2417294.9395273384,1,3077.0,3,0,43,4900.0,855.1214645926156,0,1379386778.982379,1152692162.284876,3,3,0,0.7
0,1,0,70.0,0,1,1.386,898123.3243967828,0.0,2969002.725278621,1,746.0,3,0,43,4900.0,947.694214605525,0,1379386778.982379,1152692162.284876,1,0,0,0.0
0,1,0,70.0,0,1,2.21767,974155.0695825048,0.0,3220347.337462826,1,1006.0,4,0,43,4900.0,986.993449614791,0,1379386778.982379,1152692162.284876,1,1,0,0.0
1,0,0,70.0,0,1,8.2054,796019.9004975124,0.0,2631470.745446322,1,4422.0,6,0,43,4900.0,892.2000339035593,0,1379386778.982379,1152692162.284876,3,3,0,0.7
0,1,0,70.0,0,1,2.429,631863.9987964495,0.0,2088806.6075915685,0,1329.4,13,0,43,4900.0,794.8993639426626,0,1379386778.982379,1152692162.284876,1,1,0,0.0
0,0,1,70.0,0,1,0.2464,113895.21640091116,0.0,376513.1120691278,1,878.0,7,0,5,4900.0,337.48513508140053,0,1379386778.982379,1152692162.284876,0,0,0,0.0
0,0,1,70.0,0,1,4.095,192307.6923076923,0.0,635727.9084551812,0,494.0,47,0,5,4900.0,438.5301498274575,0,1379386778.982379,1152692162.284876,0,0,0,0.0
0,0,1,70.0,1,1,1.0416,1808681.672025724,0.0,5979112.965374293,0,248.8,17,0,5,4900.0,1344.8727345090033,0,1379386778.982379,1152692162.284876,0,2,0,0.0
0,0,1,70.0,0,1,0.8472799999999999,312500.0,0.0,1033057.8512396696,0,736.0,24,0,5,4900.0,559.0178888014228,0,1379386778.982379,1152692162.284876,0,1,0,0.0
0,1,0,70.0,0,1,4.43744,1954215.522054718,0.0,6460216.601833779,0,358.2,17,0,5,4900.0,1397.932946194029,0,1379386778.982379,1152692162.284876,1,3,0,0.0
1,0,0,90.0,1,0,3.04488,10604982.206405694,2.0,35057792.41787007,0,281.0,11,1,4,8100.0,3256.5293191380442,4,2114250000.0,679552978.0671997,3,3,0,0.9
0,1,0,90.0,0,0,2.28159,7740000.0,2.0,25586776.859504133,1,250.0,8,1,4,8100.0,2782.085728369994,4,2114250000.0,679552978.0671997,2,1,1,0.0
0,1,0,90.0,0,0,5.265,5141762.45210728,2.0,16997561.82514803,0,261.0,47,1,4,8100.0,2267.5456890892583,4,2114250000.0,679552978.0671997,2,0,0,0.0
1,0,0,90.0,0,0,1.70028,7142857.142857143,2.0,23612750.88547816,0,308.0,29,1,4,8100.0,2672.6126062071066,4,2114250000.0,679552978.0671997,3,2,0,0.9
0,0,1,70.0,0,0,5.2181500000000005,242980.5615550756,0.0,803241.5258019028,0,1852.0,22,0,2,4900.0,492.9315992661412,0,1379386778.982379,1152692162.284876,0,0,0,0.0
0,0,1,70.0,1,0,1.3965,190566.9366364936,0.0,629973.3442528713,0,2099.0,30,0,2,4900.0,436.540876249285,0,1379386778.982379,1152692162.284876,0,0,0,0.0
1,0,0,70.0,1,0,13.11758,234789.71008574928,0.0,776164.3308619811,1,9796.0,5,0,1,4900.0,484.5520715937032,0,1379386778.982379,1152692162.284876,3,3,0,0.7
1,0,0,70.0,1,1,4.095,575249.7172410784,0.0,1901651.9578217464,0,4276.403666564605,47,0,10,4900.0,758.4528444412865,0,1379386778.982379,1152692162.284876,3,3,0,0.7
0,1,0,70.0,0,1,7.697129999999999,846944.9485783424,0.0,2799818.011829231,0,1653.0,16,0,10,4900.0,920.2966633528248,0,1379386778.982379,1152692162.284876,2,1,0,0.0
0,1,0,70.0,0,1,7.566999999999999,950276.2430939226,0.0,3141409.068079083,0,1810.0,15,0,10,4900.0,974.8216468123401,0,1379386778.982379,1152692162.284876,2,2,0,0.0
0,1,0,70.0,1,1,10.3873,877497.8279756734,0.0,2900819.2660352835,0,2302.0,15,0,10,4900.0,936.7490741792453,0,1379386778.982379,1152692162.284876,2,3,0,0.0
0,1,0,70.0,0,1,12.04938,783828.3828382838,0.0,2591168.207729864,1,2424.0,7,0,10,4900.0,885.3413933835262,0,1379386778.982379,1152692162.284876,2,2,0,0.0
0,1,0,82.0,0,0,0.7557119999999999,14406604.747162022,8.0,47625139.66003974,0,96.9,65,0,4,6724.0,3795.603476018276,1,2446571428.571429,1242224732.3710334,2,1,0,0.0
0,1,0,82.0,0,0,0.3456299999999999,13173652.694610778,8.0,43549265.106151335,0,100.2,56,0,4,6724.0,3629.552822953646,1,2446571428.571429,1242224732.3710334,2,0,0,0.0
1,0,0,82.0,0,0,0.57359,15923566.878980892,8.0,52639890.50902774,0,251.2,47,0,4,6724.0,3990.43454763775,1,2446571428.571429,1242224732.3710334,3,3,0,0.82
0,1,0,82.0,0,0,0.475764,16016260.162601626,8.0,52946314.58711281,0,123.0,66,0,4,6724.0,4002.0321291316022,1,2446571428.571429,1242224732.3710334,2,2,0,0.0
0,1,0,70.0,0,1,1.386,1213114.754098361,0.0,4010296.707763176,0,610.0,29,0,9,4900.0,1101.415341321502,0,1379386778.982379,1152692162.284876,1,2,0,0.0
0,0,1,70.0,1,1,1.386,1111111.111111111,0.0,3673094.582185491,0,495.0,2,0,9,4900.0,1054.093027731002,0,1379386778.982379,1152692162.284876,0,1,0,0.0
1,0,0,70.0,1,1,1.2403999999999995,2088554.720133668,0.0,6904313.124408819,0,1197.0,13,0,9,4900.0,1445.1836285170366,0,1379386778.982379,1152692162.284876,3,3,0,0.7
0,1,0,70.0,0,1,2.5676,889598.5401459854,0.0,2940821.620317307,0,1096.0,22,0,9,4900.0,943.1858460271684,0,1379386778.982379,1152692162.284876,1,2,0,0.0
0,1,0,70.0,0,0,2.772,888888.8888888889,0.0,2938475.6657483927,0,990.0,30,0,1,4900.0,942.8095719120001,0,1379386778.982379,1152692162.284876,1,1,0,0.0
0,0,1,70.0,0,1,0.27888,1893939.393939394,0.0,6260956.674179816,0,52.8,23,0,9,4900.0,1376.2050697259454,0,1379386778.982379,1152692162.284876,0,0,0,0.0
0,0,1,70.0,1,1,0.22099,681818.1818181818,0.0,2253944.4027047334,0,132.0,25,0,9,4900.0,825.7234293746192,0,1379386778.982379,1152692162.284876,0,0,0,0.0
0,1,0,70.0,1,1,3.45499,3575757.575757576,0.0,11820686.200851489,1,495.0,7,0,9,4900.0,1890.9676294843273,0,1379386778.982379,1152692162.284876,2,3,0,0.0
0,0,1,70.0,0,1,0.9396099999999998,1478102.1897810218,0.0,4886288.230681064,0,274.0,40,0,9,4900.0,1215.7726719173374,0,1379386778.982379,1152692162.284876,0,1,0,0.0
0,0,1,70.0,1,1,4.095,774336.2831858407,0.0,2559789.3659036057,0,452.0,47,0,9,4900.0,879.9643647249817,0,1379386778.982379,1152692162.284876,0,0,0,0.0
0,1,0,70.0,0,1,2.36327,786988.4575026233,0.0,2601614.735545862,1,953.0,7,0,5,4900.0,887.124262717813,0,1379386778.982379,1152692162.284876,1,0,0,0.0
0,1,0,70.0,0,1,2.10378,678952.4733268671,0.0,2244470.9862045194,1,1031.0,7,0,5,4900.0,823.986330788847,0,1379386778.982379,1152692162.284876,1,0,0,0.0
0,1,0,70.0,0,1,1.58522,210249.6714848883,0.0,695040.2363136803,0,3805.0,15,0,5,4900.0,458.5309929381964,0,1379386778.982379,1152692162.284876,1,1,0,0.0
1,0,0,70.0,0,1,8.796410000000002,9813084.112149533,0.0,32439947.478180274,0,428.0,14,0,5,4900.0,3132.5844142097008,3,3302055555.5555553,1453283533.1681764,3,3,0,0.7
0,1,0,70.0,0,1,2.61618,888888.8888888889,0.0,2938475.6657483927,1,1278.0,7,0,5,4900.0,942.8095719120001,0,1379386778.982379,1152692162.284876,2,2,0,0.0
1,0,0,70.0,1,1,4.65696,1089176.3104152484,15.0,2866345.4096027566,0,3672.5,16,0,6,4900.0,1043.6365796651862,0,1379386778.982379,1152692162.284876,3,3,0,0.7
0,1,0,70.0,0,1,1.22304,664451.827242525,15.0,2196534.966090991,0,903.0,17,0,6,4900.0,815.139759331199,0,1379386778.982379,1152692162.284876,1,0,0,0.0
0,1,0,70.0,1,1,1.9075,755102.0408163265,15.0,2496205.093607691,0,1421.0,15,0,6,4900.0,868.9666511531536,0,1379386778.982379,1152692162.284876,1,0,0,0.0
0,1,0,70.0,0,1,4.65696,579986.3852961198,15.0,1917310.364615272,0,3672.5,16,0,6,4900.0,761.5690285825178,0,1379386778.982379,1152692162.284876,2,1,0,0.0
1,0,0,70.0,0,1,8.315999999999999,610035.0770169285,15.0,2016644.88270059,1,6557.0,8,0,6,4900.0,781.0480631926107,0,1379386778.982379,1152692162.284876,3,3,0,0.7
1,0,0,70.0,0,1,5.236000000000001,577346.8488320846,15.0,1908584.6242382964,1,4538.0,8,0,6,4900.0,759.8340929650923,0,1379386778.982379,1152692162.284876,3,2,0,0.7
0,0,1,70.0,1,1,4.095,15105.740181268882,0.0,49936.33117774837,0,331.0,47,0,5,4900.0,122.90947962329383,0,1379386778.982379,1152692162.284876,0,0,0,0.0
0,0,1,70.0,0,1,0.39375,137223.97476340694,0.0,453632.97442448576,0,634.0,15,0,5,4900.0,370.4388947767323,0,1379386778.982379,1152692162.284876,0,1,0,0.0
0,0,1,70.0,1,1,0.82166,84432.71767810026,0.0,279116.4220763645,0,1137.0,21,0,5,4900.0,290.57480564925146,0,1379386778.982379,1152692162.284876,0,2,0,0.0
0,0,1,70.0,0,1,4.095,58823.52941176471,0.0,194457.94846864365,0,510.0,47,0,5,4900.0,242.53768658038427,0,1379386778.982379,1152692162.284876,0,0,0,0.0
0,0,1,70.0,1,1,0.73374,73284.47701532312,0.0,242262.73393495244,0,1501.0,31,0,5,4900.0,270.7129051510532,0,1379386778.982379,1152692162.284876,0,3,0,0.0
1,0,0,70.0,0,1,6.194299999999999,1069391.6349809887,0.0,3535178.9586148383,0,4208.0,22,0,10,4900.0,1034.114420642604,0,1379386778.982379,1152692162.284876,3,3,0,0.7
0,1,0,70.0,0,1,1.72935,1295378.9893617022,0.0,4282244.592931246,0,1692.0,22,0,10,4900.0,1138.1476131687411,0,1379386778.982379,1152692162.284876,2,3,0,0.0
1,0,0,70.0,0,1,0.3429999999999999,12690355.32994924,0.0,41951587.86760079,0,394.0,35,0,10,4900.0,3562.3526397521678,3,3302055555.5555553,1453283533.1681764,3,3,0,0.7
